﻿<?xml version="1.0" encoding="utf-8"?>
<manifest>
  <control namespace="MscrmControls.GlobalFilter" constructor="GlobalFilterControl" version="1.1.2" display-name-key="CC_GlobalFilterControl_Name" control-type="virtual" hidden="true">
    <modes>
    </modes>
    <property name="value" required="true" display-name-key="CC_GlobalFilterControl_Value" description-key="CC_GlobalFilterControl_Value_Desc" usage="bound" of-type="GlobalFilter" />
    <property name="FeatureSet" display-name-key="CC_GlobalFilterControl_FeatureSet" description-key="CC_GlobalFilterControl_FeatureSet_Desc" usage="input" of-type="Enum" default-value="1" required="false" hidden="true">
      <value name="BatchBoundDashboardMetadata" display-name-key="CC_GlobalFilterControl_FeatureSet_BatchBoundDashboardMetadata" description-key="CC_GlobalFilterControl_FeatureSet_BatchBoundDashboardMetadata_Desc">1</value>
    </property>
    <resources>
      <library name="DateRangeFilter" version=">=1.0.0" order="1">
        <packaged_library path="libs/DateRangeFilterControl.js" version="1.0.26" />
      </library>
      <code path="GlobalFilterControl.js" order="1" />
      <resx path="strings/GlobalFilterControl.1033.resx" version="1.1.0" />
    </resources>
  </control>
</manifest>