﻿<?xml version="1.0" encoding="utf-8"?>
<manifest>
  <control namespace="MscrmControls.FieldControls" constructor="DecimalNumberControl" version="1.0.51" display-name-key="Decimal Number Control" control-type="virtual" hidden="true">
    <modes>
    </modes>
    <property name="value" display-name-key="DecimalNumberControl_Value" description-key="DecimalNumberControl_Value_Description" of-type="Decimal" usage="bound" required="true" hidden="true" />
    <resources>
      <library name="msvcontrol" version=">=1" order="1">
        <packaged_library path="libs/msvcontrollib-1.0.0.js" version="1.0.41" />
      </library>
      <code path="DecimalNumberControl.js" order="2" />
    </resources>
  </control>
</manifest>