﻿<?xml version="1.0" encoding="utf-8"?>
<manifest>
  <control namespace="MscrmControls.KbArticleControl" constructor="KbArticleControl" version="1.0.6" display-name-key="KbArticleControl_Name" control-type="virtual" hidden="true">
    <modes>
    </modes>
    <type-group name="all">
      <type>Lookup.Simple</type>
      <type>Lookup.Customer</type>
      <type>Lookup.Owner</type>
      <type>Lookup.Regarding</type>
      <type>Multiple</type>
      <type>SingleLine.Text</type>
      <type>SingleLine.TextArea</type>
      <type>SingleLine.Email</type>
      <type>SingleLine.URL</type>
      <type>SingleLine.Ticker</type>
      <type>SingleLine.Phone</type>
    </type-group>
    <property name="article" required="true" display-name-key="KbArticleControl_Value" description-key="KbArticleControl_Value_Desc" usage="bound" of-type="KbArticle" />
    <resources>
      <library name="mscommon" version=">=1" order="1">
        <packaged_library path="libs/mscommonlib-1.0.0.js" version="1.2.21" />
      </library>
      <code path="KbArticleControl.js" order="2" />
      <resx path="strings/KbArticleControl.1033.resx" version="1.0.0" />
    </resources>
  </control>
</manifest>