﻿<?xml version="1.0" encoding="utf-8"?>
<manifest>
  <control namespace="MscrmControls.QueryBuilder" constructor="QueryBuilderControl" version="1.0.22" display-name-key="QueryBuilderControl" control-type="virtual">
    <modes>
    </modes>
    <property name="UsageContext" display-name-key="UsageContext_value" description-key="UsageContext_value_desc" of-type="SingleLine.Text" usage="input" required="true" hidden="true" />
    <property name="ReadOnly" display-name-key="ReadOnly_value" description-key="ReadOnly_value_desc" of-type="TwoOptions" usage="input" required="false" hidden="true" />
    <property name="Mode" display-name-key="Mode_value" description-key="Mode_value_desc" of-type="Whole.None" usage="input" required="false" hidden="true" />
    <property name="Input" display-name-key="Input_value" description-key="Input_value_desc" of-type="SingleLine.Text" usage="input" required="false" hidden="true" />
    <property name="PrimaryEntity" display-name-key="PrimaryEntity_value" description-key="PrimaryEntity_value_desc" of-type="SingleLine.Text" usage="input" required="false" hidden="true" />
    <property name="OutputCallback" display-name-key="OutputCallback_value" description-key="OutputCallback_value_desc" of-type="SingleLine.Text" usage="input" required="false" hidden="true" />
    <resources>
      <library name="mscommon" version=">=1" order="1">
        <packaged_library path="libs/mscommonlib-1.0.0.js" version="1.2.9" />
      </library>
      <code path="QueryBuilderControl.js" order="2" />
      <resx version="1.0.0" path="strings/QueryBuilderControl.1033.resx" />
    </resources>
  </control>
</manifest>