﻿<?xml version="1.0" encoding="utf-8"?>
<manifest>
  <control namespace="MscrmControls.Containers" constructor="DashboardControl" version="1.1.11" display-name-key="CC_DashboardControl_Name" control-type="virtual" hidden="true">
    <modes>
    </modes>
    <property name="value" required="true" display-name-key="CC_DashboardControl_Value" description-key="CC_DashboardControl_Value_Desc" usage="bound" of-type="Dashboard" />
    <property name="ForbiddenControlIdList" display-name-key="CC_DashboardControl_ForbiddenControlIdList" description-key="ForbiddenControlIdList" usage="input" of-type="SingleLine.Text" required="false" hidden="true" />
    <resources>
      <library name="DashboardCore" version=">=2.0.7" order="1">
        <packaged_library path="DashboardControl.js" version="2.0.7" />
      </library>
    </resources>
  </control>
</manifest>