﻿<?xml version="1.0" encoding="utf-8"?>
<manifest>
  <control namespace="MscrmControls.Chart" constructor="ChartControl" version="1.2.23" display-name-key="CC_ChartControl_Name" description-key="CC_ChartControl_Desc" hidden="true">
    <modes>
    </modes>
    <data-set name="ChartDataSet" display-name-key="CC_Chart_DSChart">
    </data-set>
    <property name="Parent" display-name-key="CC_ChartControl_Parent" description-key="Parent" usage="input" of-type="SingleLine.Text" required="false" hidden="true" />
    <property name="ChartSelectorMode" display-name-key="CC_ChartSelectorMode" description-key="CC_ChartSelectorMode_Desc" usage="input" of-type="Enum" required="false" hidden="true">
      <value name="ChartSelector" display-name-key="CC_ChartSelectorMode_ChartSelector" description-key="CC_ChartSelectorMode_ChartSelector_Desc">ChartSelector</value>
      <value name="ChartTitle" display-name-key="CC_ChartSelectorMode_ChartTitle" description-key="CC_ChartSelectorMode_ChartTitle_Desc">ChartTitle</value>
      <value name="No" display-name-key="CC_ChartSelectorMode_Disabled" description-key="CC_ChartSelectorMode_Disabled_Desc" default="true">No</value>
    </property>
    <property name="ViewSelectorMode" display-name-key="CC_ViewSelectorMode" description-key="CC_ViewSelectorMode_Desc" usage="input" of-type="Enum" required="false" hidden="true">
      <value name="ViewSelector" display-name-key="CC_ViewSelectorMode_ViewSelector" description-key="CC_ViewSelectorMode_ViewSelector_Desc">ViewSelector</value>
      <value name="ViewTitle" display-name-key="CC_ViewSelectorMode_ViewTitle" description-key="CC_ViewSelectorMode_ViewTitle_Desc">ViewTitle</value>
      <value name="No" display-name-key="CC_ViewSelectorMode_Disabled" description-key="CC_ViewSelectorMode_Disabled_Desc" default="true">No</value>
    </property>
    <property name="CommandMode" display-name-key="CC_CommandMode" description-key="CC_CommandMode_Desc" usage="input" of-type="Enum" required="false" hidden="true">
      <value name="FormChartCommand" display-name-key="CC_CommandMode_FormChartCommand" description-key="CC_CommandMode_FormChartCommand_Desc">FormChartCommand</value>
      <value name="GridChartCommand" display-name-key="CC_CommandMode_GridChartCommand" description-key="CC_CommandMode_GridChartCommand_Desc">GridChartCommand</value>
      <value name="No" display-name-key="CC_CommandMode_Disabled" description-key="CC_CommandMode_Disabled_Desc" default="true">No</value>
    </property>
    <property name="EnableExpandButton" display-name-key="CC_EnableExpandButton" description-key="CC_EnableExpandButton_Desc" usage="input" of-type="Enum" required="false" hidden="true">
      <value name="Yes" display-name-key="CC_Enable_ExpandButton" description-key="CC_Enable_ExpandButton_Desc">Yes</value>
      <value name="No" display-name-key="CC_Disable_ExpandButton" description-key="CC_Disable_ExpandButton_Desc" default="true">No</value>
    </property>
    <resources>
      <code path="ChartControl.js" order="1" />
      <resx path="strings/ChartControl.1033.resx" version="1.0.0" />
    </resources>
  </control>
</manifest>