﻿<?xml version="1.0" encoding="utf-8"?>
<manifest>
  <control namespace="Dyn365.SampleControls" constructor="HelloWorldStandardControl" version="1.1.12" display-name-key="CC_HelloWorldStandard">
    <type-group name="numbers">
      <type>Whole.None</type>
      <type>Currency</type>
      <type>FP</type>
      <type>Decimal</type>
    </type-group>
    <property name="value" display-name-key="CC_Value" description-key="CC_Value_Desc" of-type-group="numbers" usage="bound" required="true" hidden="true" />
    <resources>
      <code path="HelloWorldStandardControl.js" order="1" />
      <resx path="strings\HelloWorldStandard.1033.resx" version="1.0.0" />
    </resources>
  </control>
</manifest>