﻿<?xml version="1.0" encoding="utf-8"?>
<manifest>
  <control namespace="MscrmControls.KPICard" constructor="KPICardControl" version="1.0.30" display-name-key="CC_KPICardControl_Name" control-type="virtual" hidden="true">
    <modes>
    </modes>
    <data-set name="cardDataSet" display-name-key="CC_CardDataSet_name">
    </data-set>
    <property name="PaddingStyle" display-name-key="cc_paddingStyle" description-key="cc_paddingStyle_Desc" of-type="Whole.None" usage="input" required="false" hidden="false" />
    <property name="IsFiltered" display-name-key="cc_isfiltered" description-key="cc_isfiltered" usage="input" of-type="TwoOptions" required="false" hidden="true" />
    <property name="DeviceWidth" display-name-key="cc_deviceWidth" description-key="cc_deviceWidth_Desc" of-type="Whole.None" usage="input" required="false" hidden="false" />
    <resources>
      <code path="KPICardControl.js" order="1" />
      <resx path="strings/KPICardControl.1033.resx" version="1.0.1" />
    </resources>
  </control>
</manifest>