﻿<?xml version="1.0" encoding="utf-8"?>
<manifest>
  <control namespace="MscrmControls.MultiSelectPicklist" constructor="UpdMSPicklistControl" version="1.0.19" display-name-key="CC_MultiSelectPicklist_Name" hidden="true">
    <modes>
      <read />
      <edit />
    </modes>
    <property name="value" display-name-key="CC_Field" description-key="CC_Field_Desc" of-type="MultiSelectOptionSet" usage="bound" required="true" hidden="true" />
    <resources>
      <css path="css/msos.css" order="1" />
      <library name="jquery" version=">=1" order="2">
        <packaged_library path="libs/jquery-2.1.1.js" version="2.1.1" />
      </library>
      <library name="mscommon" version=">=1" order="3">
        <packaged_library path="libs/mscommonlib-1.0.0.js" version="1.2.9" />
      </library>
      <library name="solCustom" version=">=1" order="4">
        <packaged_library path="libs/msos.js" version="3.0.7" />
      </library>
      <code path="UpdatedMultiSelectPicklistControl.js" order="5" />
      <resx path="strings/MultiSelectPicklistControl.1033.resx" version="1.0.0" />
    </resources>
  </control>
</manifest>