﻿<?xml version="1.0" encoding="utf-8"?>
<manifest>
  <control namespace="MscrmControls.FieldControls" constructor="EntityOptionSetControl" version="1.0.98" display-name-key="CC_EntityOptionSet_Name" control-type="virtual">
    <modes>
    </modes>
    <property name="value" display-name-key="CC_EntityOptionSet_value" description-key="CC_EntityOptionSet_value_desc" of-type="SingleLine.Text" usage="bound" required="true" hidden="true" />
    <resources>
      <library name="mscommon" version=">=1" order="1">
        <packaged_library path="libs/mscommonlib-1.0.0.js" version="1.2.10" />
      </library>
      <code path="EntityOptionSetControl.js" order="2" />
      <resx path="strings/EntityOptionSetControl.1033.resx" version="1.0.0" />
    </resources>
  </control>
</manifest>