﻿<?xml version="1.0" encoding="utf-8"?>
<manifest>
  <control namespace="MscrmControls.OfflineEntities" constructor="OfflineEntitiesControl" version="1.0.17" display-name-key="OfflineEntitiesControl" control-type="virtual">
    <modes>
    </modes>
    <property name="OfflineEntitiesAndLastSyncTime" display-name-key="CC_OfflineEntitiesAndLastSyncTime" description-key="CC_OfflineEntitiesAndLastSyncTime_Desc" of-type="SingleLine.Text" usage="input" required="true" hidden="true" />
    <property name="OfflineEntityStatus" display-name-key="CC_OfflineEntityStatus" description-key="CC_OfflineEntityStatus_Desc" of-type="SingleLine.Text" usage="input" required="true" hidden="true" />
    <resources>
      <library name="mscommon" version=">=1" order="1">
        <packaged_library path="libs/mscommonlib-1.0.0.js" version="1.2.9" />
      </library>
      <library name="jquery" version=">=2" order="1">
        <packaged_library path="libs/jquery-2.1.1.js" version="2.1.1" />
      </library>
      <code path="OfflineEntitiesControl.js" order="2" />
      <resx path="strings/OfflineEntitiesControl.1033.resx" version="1.0.0" />
    </resources>
  </control>
</manifest>