﻿<?xml version="1.0" encoding="utf-8"?>
<manifest>
  <control namespace="MscrmControls.HierarchyFolderView" constructor="HierarchyFolderViewControl" version="1.0.9" display-name-key="CC_HierarchyFolderView" control-type="virtual" hidden="true">
    <modes>
    </modes>
    <property name="treeData" display-name-key="treedata_value" description-key="treedata_value_desc" of-type="SingleLine.Text" usage="input" required="false" hidden="true" />
    <property name="hierarchyState" display-name-key="hierarchyState_value" description-key="hierarchyState_value_desc" of-type="SingleLine.Text" usage="input" required="false" hidden="true" />
    <property name="stateCallBack" display-name-key="StateCallBack_value" description-key="StateCallBack_value_desc" of-type="SingleLine.Text" usage="input" required="false" hidden="true" />
    <resources>
      <library name="mscommon" version=">=1" order="1">
        <packaged_library path="libs/mscommonlib-1.0.0.js" version="1.2.8" />
      </library>
      <code path="HierarchyFolderView.js" order="1" />
      <css path="css/treeControlStyle.css" order="2" />
      <css path="css/style.css" order="3" />
      <resx path="strings/HierarchyFolderView.1033.resx" version="1.0.0" />
    </resources>
  </control>
</manifest>