﻿<?xml version="1.0" encoding="utf-8"?>
<manifest>
  <control namespace="MscrmControls.FieldControls" constructor="DateTimeControl" version="1.0.184" display-name-key="CC_DateTimeControl_Name" control-type="virtual" hidden="true">
    <modes>
    </modes>
    <type-group name="date">
      <type>DateAndTime.DateOnly</type>
      <type>DateAndTime.DateAndTime</type>
    </type-group>
    <property name="value" display-name-key="DateTimeControl_value" description-key="DateTimeControl_value_desc" of-type-group="date" usage="bound" required="true" hidden="true" />
    <property name="useLegacyControl" display-name-key="DateTimeControl_useLegacy" description-key="DateTimeControl_uselegacy_desc" usage="input" of-type="TwoOptions" required="false" hidden="true" />
    <resources>
      <library name="msvcontrol" version=">=1" order="1">
        <packaged_library path="libs/msvcontrollib-1.0.0.js" version="1.0.41" />
      </library>
      <library name="office-ui-fabric-react-fork" version="1.0.21" order="2">
        <packaged_library path="libs/office-ui-fabric-react.js" version="1.0.21" />
      </library>
      <code path="DateTimeControl.js" order="3" />
      <resx path="strings/DateTimeControl.1033.resx" version="1.0.0" />
    </resources>
  </control>
</manifest>