﻿<?xml version="1.0" encoding="utf-8"?>
<manifest>
  <control namespace="MscrmControls.WebResource" constructor="WebResourceHtmlControl" version="1.0.27" display-name-key="CC_WebResourceHtml_Control" control-type="virtual" hidden="true">
    <modes>
    </modes>
    <property name="value" display-name-key="WebResourceHtmlControl_urlvalue" description-key="WebResourceHtmlControl_urlvalue_desc" of-type="WebResource.HTML" usage="bound" required="true" hidden="true" />
    <resources>
      <library name="mscommon" version=">=1" order="1">
        <packaged_library path="libs/mscommonlib-1.0.0.js" version="1.2.8" />
      </library>
      <code path="WebResourceHtmlControl.js" order="2" />
      <resx path="strings/WebResourceHtmlControl.1033.resx" version="1.0.0" />
    </resources>
  </control>
</manifest>