﻿<?xml version="1.0" encoding="utf-8"?>
<manifest>
  <control namespace="MscrmControls.ConsentDialog" constructor="ConsentDialogControl" version="1.0.20" display-name-key="CC_ConsentDialog_Control" control-type="virtual">
    <modes>
    </modes>
    <resources>
      <library name="mscommon" version=">=1" order="1">
        <packaged_library path="libs/mscommonlib-1.0.0.js" version="1.2.8" />
      </library>
      <code path="ConsentDialogControl.js" order="2" />
      <resx path="strings/ConsentDialogControl.1033.resx" version="1.0.0" />
    </resources>
  </control>
</manifest>