﻿<?xml version="1.0" encoding="utf-8"?>
<manifest>
  <control namespace="MscrmControls.FacetFilterControl" constructor="FacetFilterControl" version="1.0.29" display-name-key="CC_FacetFilterControl">
    <modes>
    </modes>
    <resources>
      <library name="jquery" version=">=2" order="1">
        <packaged_library path="libs/jquery-2.1.1.js" version="2.2.9" />
      </library>
      <library name="jqm-init" version=">=1" order="2">
        <packaged_library path="libs/jquerymobile.init.js" version="1.1.8" />
      </library>
      <library name="mscommonlib" version=">=1" order="3">
        <packaged_library path="libs/mscommonlib-1.0.0.js" version="1.2.8" />
      </library>
      <library name="barchartlib" version=">=1" order="4">
        <packaged_library version="1.0.3" path="libs/barchartlib.js" />
      </library>
      <code path="FacetFilterControl.js" order="5" />
      <css path="css/FacetFiltercontrol.css" order="6" />
      <resx path="strings/FacetFilterControl.1033.resx" version="1.0.0" />
    </resources>
  </control>
</manifest>