﻿<?xml version="1.0" encoding="utf-8"?>
<manifest>
  <control namespace="MscrmControls.Composite" constructor="CompositeControlUci" version="1.0.14" display-name-key="CompositeControlUci" control-type="virtual" hidden="true">
    <modes>
      <read />
      <edit />
    </modes>
    <AvailableOn>
      <web classic="enable" />
      <phone />
      <tablet />
    </AvailableOn>
    <type-group name="text">
      <type>SingleLine.Text</type>
      <type>Multiple</type>
    </type-group>
    <property name="Value1" display-name-key="CC_Value1" description-key="CC_value_1_desc" usage="bound" of-type-group="text" required="true" hidden="false" />
    <property name="Value2" display-name-key="CC_Value2" description-key="CC_value_2_desc" usage="bound" of-type-group="text" required="true" hidden="false" />
    <property name="Value3" display-name-key="CC_Value3" description-key="CC_value_3_desc" usage="bound" of-type-group="text" required="true" hidden="false" />
    <property name="Value4" display-name-key="CC_Value4" description-key="CC_value_4_desc" usage="bound" of-type-group="text" required="false" hidden="false" />
    <property name="Value5" display-name-key="CC_Value5" description-key="CC_value_5_desc" usage="bound" of-type-group="text" required="false" hidden="false" />
    <property name="Value6" display-name-key="CC_Value6" description-key="CC_value_6_desc" usage="bound" of-type-group="text" required="false" hidden="false" />
    <property name="Value7" display-name-key="CC_Value7" description-key="CC_value_7_desc" usage="bound" of-type-group="text" required="false" hidden="false" />
    <property name="Value8" display-name-key="CC_Value8" description-key="CC_value_8_desc" usage="bound" of-type-group="text" required="false" hidden="false" />
    <property name="Value9" display-name-key="CC_Value9" description-key="CC_value_9_desc" usage="bound" of-type-group="text" required="false" hidden="false" />
    <property name="Value10" display-name-key="CC_Value10" description-key="CC_value_10_desc" usage="bound" of-type-group="text" required="false" hidden="false" />
    <resources>
      <code path="CompositeControlUci.js" order="1" />
      <resx path="strings/CompositeControlUci.1033.resx" version="1.0.0" />
    </resources>
  </control>
</manifest>