﻿<?xml version="1.0" encoding="utf-8"?>
<manifest>
  <control namespace="MscrmControls.AppliedFilters" constructor="AppliedFilters" version="1.0.15" display-name-key="CC_AppliedFilters_Name" control-type="virtual" hidden="true">
    <modes>
    </modes>
    <property name="value" required="true" display-name-key="CC_AppliedFilterControl_Value" description-key="CC_AppliedFilterControl_Value_Desc" usage="bound" of-type="AppliedFilter" />
    <property name="GlobalFilterInput" display-name-key="CC_DummyControl_GlobalFilterInput" description-key="GlobalFilterInput" usage="input" of-type="SingleLine.Text" required="false" hidden="true" />
    <resources>
      <code path="AppliedFiltersControl.js" order="1" />
      <resx path="strings/AppliedFiltersControl.1033.resx" version="1.0.0" />
    </resources>
  </control>
</manifest>