﻿<?xml version="1.0" encoding="utf-8"?>
<manifest>
  <control namespace="MscrmControls.Hierarchy" constructor="HierarchyTreeView" version="1.0.8" display-name-key="CC_HierarchyTreeView_Name" control-type="virtual" hidden="true">
    <modes>
    </modes>
    <property name="renderableTree" display-name-key="treedata_value" description-key="treedata_value_desc" of-type="SingleLine.Text" usage="input" required="false" hidden="true" />
    <property name="hierarchyState" display-name-key="hierarchyState_value" description-key="hierarchyState_value_desc" of-type="SingleLine.Text" usage="input" required="false" hidden="true" />
    <property name="stateCallBack" display-name-key="stateCallBack_value" description-key="stateCallBack_value_desc" of-type="SingleLine.Text" usage="input" required="false" hidden="true" />
    <property name="quickFormID" display-name-key="quickFormID_value" description-key="quickFormID_value_desc" of-type="SingleLine.Text" usage="input" required="false" hidden="true" />
    <resources>
      <code path="HierarchyTreeView.js" order="2" />
      <css path="css/HierarchyStyle.css" order="1" />
      <resx path="strings/HierarchyTreeView.1033.resx" version="1.0.0" />
    </resources>
  </control>
</manifest>