﻿<?xml version="1.0" encoding="utf-8"?>
<manifest>
  <control namespace="MscrmControls.Canvas" constructor="CanvasRecordControl" version="1.12.0" display-name-key="Canvas_Record_Control_Name" description-key="Canvas_Record_Control_Desc" preview-image="img/CanvasAppLogo.svg">
    <type-group name="all">
      <type>SingleLine.Text</type>
      <type>SingleLine.TextArea</type>
      <type>SingleLine.Email</type>
      <type>SingleLine.URL</type>
      <type>SingleLine.Phone</type>
      <type>SingleLine.Ticker</type>
      <type>Whole.None</type>
      <type>Whole.Duration</type>
      <type>Whole.TimeZone</type>
      <type>Whole.Language</type>
      <type>TwoOptions</type>
      <type>DateAndTime.DateOnly</type>
      <type>DateAndTime.DateAndTime</type>
      <type>Decimal</type>
      <type>Enum</type>
      <type>FP</type>
      <type>Currency</type>
      <type>OptionSet</type>
      <type>Multiple</type>
    </type-group>
    <property name="record" display-name-key="record_name" description-key="record_desc" usage="bound" of-type-group="all" hidden="true" />
    <property name="schema" display-name-key="schema_name" usage="input" of-type="SingleLine.Text" hidden="true" />
    <property name="entityName" display-name-key="entityName_name" description-key="entityName_desc" usage="input" of-type="SingleLine.Text" />
    <property name="appName" display-name-key="appName_name" description-key="appName_desc" usage="input" of-type="SingleLine.Text" hidden="true" />
    <property name="appId" display-name-key="appId_name" description-key="appId_desc" usage="input" of-type="SingleLine.Text" required="true" />
    <modes>
      <edit />
      <read />
    </modes>
    <AvailableOn>
      <web />
    </AvailableOn>
    <resources>
      <library name="webPlayer" version=">=1" order="1">
        <packaged_library path="libs/WebPlayer.Sdk.js" version="1.3.12" />
      </library>
      <library name="polyfill" version=">=1" order="1">
        <packaged_library path="libs/IECustomEventPolyfill.js" version="1.0.0" />
      </library>
      <library name="aria" version=">=1" order="1">
        <packaged_library path="libs/aria-webjs-sdk-1.8.3.js" version="1.8.3" />
      </library>
      <code path="CanvasRecordControl.js" order="2" />
      <resx path="strings/CanvasRecordControl.1033.resx" version="1.0.0" />
    </resources>
  </control>
</manifest>