﻿<?xml version="1.0" encoding="utf-8"?>
<manifest>
  <control namespace="MscrmControls.Grid" constructor="ReadOnlyGrid" version="1.11.43" display-name-key="CC_ReadOnlyGrid_Name" preview-image="img/preview.png">
    <modes>
      <read />
    </modes>
    <data-set name="Grid" display-name-key="CC_Grid_DSGrid">
    </data-set>
    <property name="EnableGroupBy" display-name-key="CC_GroupBy_Column" description-key="CC_Enable_GroupBy_Desc" usage="input" of-type="Enum" required="false" hidden="true">
      <value name="Yes" display-name-key="CC_Enable_GroupBy" description-key="CC_Enable_GroupBy_Desc">yes</value>
      <value name="No" display-name-key="CC_Disable_GroupBy" description-key="CC_Disable_GroupBy_Desc" default="true">no</value>
    </property>
    <property name="UseDefaultCardFormForList" display-name-key="CC_Grid_UseDefaultCardFormForList" description-key="CC_Grid_UseDefaultCardFormForList_Desc" usage="input" of-type="TwoOptions" required="false" hidden="true" />
    <property name="CardForm" display-name-key="CC_Grid_CardForm" description-key="CC_Grid_CardFrom_Desc" usage="input" of-type="Form.Card" required="false" hidden="false" />
    <property name="EnableItemContextualActions" display-name-key="CC_Grid_EnableItemContextualActions" description-key="CC_Grid_EnableItemContextualActions_Desc" usage="input" of-type="TwoOptions" required="false" hidden="true" />
    <property name="EnableEditing" display-name-key="CC_Allow_Editing_Grid" description-key="CC_Allow_Editing_Grid_Desc" usage="input" of-type="Enum" required="false" hidden="true">
      <value name="Yes" display-name-key="CC_Enable_Editing_Grid" description-key="CC_Enable_Editing_Grid_Desc">yes</value>
      <value name="No" display-name-key="CC_Disable_Editing_Grid" description-key="CC_Disable_Editing_Grid_Desc" default="true">no</value>
    </property>
    <property name="ReflowBehavior" display-name-key="CC_ReflowBehavior" description-key="CC_ReflowBehavior_Desc" usage="input" of-type="Enum" required="false" hidden="false">
      <value name="Reflow" display-name-key="CC_ReflowBehavior_Reflow" description-key="CC_ReflowBehavior_Reflow_Desc" default="true">Reflow</value>
      <value name="GridOnly" display-name-key="CC_ReflowBehavior_GridOnly" description-key="CC_ReflowBehavior_GridOnly_Desc">GridOnly</value>
      <value name="ListOnly" display-name-key="CC_ReflowBehavior_ListOnly" description-key="CC_ReflowBehavior_ListOnly_Desc">ListOnly</value>
    </property>
    <property name="EnableFiltering" display-name-key="CC_Allow_Filtering" description-key="CC_Allow_Filtering_Desc" usage="input" of-type="Enum" required="false" hidden="true">
      <value name="Yes" display-name-key="CC_Enable_Filtering" description-key="CC_Enable_Filtering_Desc">yes</value>
      <value name="No" display-name-key="CC_Disable_Filtering" description-key="CC_Disable_Filtering_Desc" default="true">no</value>
    </property>
    <resources>
      <library name="mscommon" version=">=1.2.0" order="1">
        <packaged_library path="libs/mscommonlib-1.0.0.js" version="1.2.12" />
      </library>
      <library name="jquery" version=">=2" order="1">
        <packaged_library path="libs/jquery/jquery-2.1.1.js" version="2.1.1" />
      </library>
      <library name="gridlib" version=">=1.11.43" order="2">
        <packaged_library path="libs/Mscrm.Grid.js" version="1.11.42" />
      </library>
      <code path="ReadOnlyGrid.js" order="3" />
      <resx path="strings/Grid.1033.resx" version="1.0.0" />
    </resources>
  </control>
</manifest>