﻿<?xml version="1.0" encoding="utf-8"?>
<manifest>
  <control namespace="MscrmControls.FieldControls" constructor="BarCodeScannerControl" version="1.0.54" display-name-key="CC_BarcodeScanner_Control" control-type="virtual">
    <modes>
    </modes>
    <property name="value" display-name-key="BarCodeScannerControl_value" description-key="BarCodeScannerControl_value_desc" of-type="SingleLine.Text" usage="bound" required="true" hidden="true" />
    <resources>
      <library name="msvcontrol" version=">=1" order="1">
        <packaged_library path="libs/msvcontrollib-1.0.0.js" version="1.0.41" />
      </library>
      <code path="BarCodeScannerControl.js" order="2" />
      <resx path="strings/BarCodeScannerControl.1033.resx" version="1.0.0" />
    </resources>
  </control>
</manifest>