﻿<?xml version="1.0" encoding="utf-8"?>
<manifest>
  <control namespace="MscrmControls.FieldControls" constructor="GoalParticipatingRecordControl" version="1.0.93" display-name-key="CC_Goal_Participating_Control_Name" control-type="virtual">
    <modes>
    </modes>
    <property name="metricId" display-name-key="CC_GoalParticipatingRecord_metric_id" description-key="CC_GoalParticipatingRecord_metric_id_desc" of-type="Lookup.Simple" usage="bound" required="true" hidden="true" />
    <resources>
      <library name="mscommon" version=">=1" order="1">
        <packaged_library path="libs/mscommonlib-1.0.0.js" version="1.2.15" />
      </library>
      <code path="GoalParticipatingRecordControl.js" order="2" />
      <resx path="strings/GoalParticipatingRecordControl.1033.resx" version="1.0.0" />
    </resources>
  </control>
</manifest>