﻿<?xml version="1.0" encoding="utf-8"?>
<manifest>
  <control namespace="MscrmControls.FieldControls" constructor="DummyControl" version="1.0.20" display-name-key="CC_Dummy_Name" hidden="true" control-type="virtual">
    <modes>
    </modes>
    <type-group name="all">
      <type>TwoOptions</type>
      <type>DateAndTime.DateOnly</type>
      <type>DateAndTime.DateAndTime</type>
      <type>FP</type>
      <type>Decimal</type>
      <type>Whole.None</type>
      <type>Whole.Duration</type>
      <type>Whole.TimeZone</type>
      <type>Whole.Language</type>
      <type>Lookup.Simple</type>
      <type>Lookup.Customer</type>
      <type>Lookup.Owner</type>
      <type>Lookup.PartyList</type>
      <type>Lookup.Regarding</type>
      <type>Multiple</type>
      <type>Currency</type>
      <type>OptionSet</type>
      <type>SingleLine.Text</type>
      <type>SingleLine.TextArea</type>
      <type>SingleLine.Email</type>
      <type>SingleLine.URL</type>
      <type>SingleLine.Ticker</type>
      <type>SingleLine.Phone</type>
    </type-group>
    <property name="value" display-name-key="Value" of-type-group="all" usage="bound" required="true" hidden="true" />
    <resources>
      <library name="mscommon" version=">=1" order="1">
        <packaged_library path="libs/mscommonlib-1.0.0.js" version="1.2.8" />
      </library>
      <code path="DummyControl.js" order="2" />
    </resources>
  </control>
</manifest>