﻿<?xml version="1.0" encoding="utf-8"?>
<manifest>
  <control namespace="MscrmControls.FieldControls" constructor="PhoneNumberControl" version="1.0.51" display-name-key="PhoneNumber_Control" control-type="virtual" hidden="true">
    <modes>
    </modes>
    <property name="value" display-name-key="PhoneNumberControl_phonevalue" description-key="PhoneNumberControl_phonevalue_desc" of-type="SingleLine.Phone" usage="bound" required="true" hidden="true" />
    <resources>
      <library name="msvcontrol" version=">=1" order="1">
        <packaged_library path="libs/msvcontrollib-1.0.0.js" version="1.0.41" />
      </library>
      <code path="PhoneNumberControl.js" order="2" />
      <resx path="strings/PhoneNumberControl.1033.resx" version="1.0.0" />
    </resources>
  </control>
</manifest>