<ImportExportXml xmlns:xsi="http://www.w3.org/2001/XMLSchema-instance">
   <Entities>
   </Entities>
   <Roles></Roles>
   <Workflows></Workflows>
   <Templates />
   <EntityMaps />
   <EntityRelationships />
   <OrganizationSettings />
   <optionsets />
   <WebResources></WebResources>
   <CustomControls>
      <CustomControl>
         <Name>Manifest0.xml</Name>
         <FileName>/Controls/HelloWorldStandardControl/ControlManifest.xml</FileName>
      </CustomControl>
      <CustomControl>
         <Name>Manifest1.xml</Name>
         <FileName>/Controls/HelloWorldVirtualControl/ControlManifest.xml</FileName>
      </CustomControl>
      <CustomControl>
         <Name>Manifest2.xml</Name>
         <FileName>/Controls/TestGridControl/ControlManifest.xml</FileName>
      </CustomControl>
      <CustomControl>
         <Name>Manifest3.xml</Name>
         <FileName>/Controls/TestLabelControl/ControlManifest.xml</FileName>
      </CustomControl>
      <CustomControl>
         <Name>Manifest4.xml</Name>
         <FileName>/Controls/TestPropertyBagControl/ControlManifest.xml</FileName>
      </CustomControl>
   </CustomControls>
   <Languages>
      <Language>1033</Language>
   </Languages>
</ImportExportXml>
