﻿<?xml version="1.0" encoding="utf-8"?>
<manifest>
  <control namespace="MscrmControls.KbSearchControl" constructor="KbSearchControl" version="1.1.54" display-name-key="KbSearchControl_Name" control-type="virtual" hidden="true">
    <modes>
    </modes>
    <type-group name="all">
      <type>Lookup.Simple</type>
      <type>Lookup.Customer</type>
      <type>Lookup.Owner</type>
      <type>Lookup.Regarding</type>
      <type>Multiple</type>
      <type>SingleLine.Text</type>
      <type>SingleLine.TextArea</type>
      <type>SingleLine.Email</type>
      <type>SingleLine.URL</type>
      <type>SingleLine.Ticker</type>
      <type>SingleLine.Phone</type>
    </type-group>
    <property name="value" required="true" display-name-key="KbSearchControl_Value" description-key="KbSearchControl_Value_Desc" usage="bound" of-type="SearchWidget" />
    <property name="AutoSuggestionField" display-name-key="AutoSuggestions_Field" of-type-group="all" usage="bound" required="false" hidden="true" />
    <resources>
      <library name="mscommon" version=">=1" order="1">
        <packaged_library path="libs/mscommonlib-1.0.0.js" version="1.2.22" />
      </library>
      <library name="moment" version=">=1" order="3">
        <packaged_library path="libs/moment.min.js" version="1.8.3" />
      </library>
      <library name="KbArticleControl" version=">=1" order="3">
        <packaged_library path="libs/KbArticleControl.js" version="1.0.0" />
      </library>
      <library name="KbContentControl" version=">=1" order="4">
        <packaged_library path="libs/KbContentControl.js" version="1.0.8" />
      </library>
      <code path="KbSearchControl.js" order="2" />
      <css path="css/KbSearchControl.css" order="3" />
      <resx path="strings/KbSearchControl.1033.resx" version="1.0.1" />
    </resources>
  </control>
</manifest>