﻿<?xml version="1.0" encoding="utf-8"?>
<manifest>
  <control namespace="MscrmControls.FieldControls" constructor="LabelControl" version="1.0.29" display-name-key="CC_Label_Control" control-type="virtual">
    <modes>
    </modes>
    <property name="value" required="true" display-name-key="CC_Label_Control_Value" description-key="CC_Label_Control_Value_Desc" usage="input" of-type="SingleLine.Text" />
    <resources>
      <library name="mscommon" version=">=1" order="4">
        <packaged_library path="libs/mscommonlib-1.0.0.js" version="1.2.8" />
      </library>
      <code path="LabelControl.js" order="1" />
    </resources>
  </control>
</manifest>