﻿<?xml version="1.0" encoding="utf-8"?>
<manifest>
  <control namespace="MscrmControls.Canvas" constructor="CanvasListControl" version="1.12.0" display-name-key="Canvas_List_Control_Name" description-key="Canvas_List_Control_Desc" preview-image="img/CanvasAppLogo.svg">
    <data-set name="entityData" display-name-key="entityData_name" description-key="entityData_desc">
    </data-set>
    <property name="entityName" display-name-key="entityName_name" description-key="entityName_desc" usage="input" of-type="SingleLine.Text" />
    <property name="schema" display-name-key="schema_name" usage="input" of-type="SingleLine.Text" hidden="true" />
    <property name="appName" display-name-key="appName_name" description-key="appName_desc" usage="input" of-type="SingleLine.Text" hidden="true" />
    <property name="appId" display-name-key="appId_name" description-key="appId_desc" usage="input" of-type="SingleLine.Text" required="true" />
    <modes>
      <read />
    </modes>
    <AvailableOn>
      <web />
    </AvailableOn>
    <resources>
      <library name="webPlayer" version=">=1" order="1">
        <packaged_library path="libs/WebPlayer.Sdk.js" version="1.3.12" />
      </library>
      <library name="polyfill" version=">=1" order="1">
        <packaged_library path="libs/IECustomEventPolyfill.js" version="1.0.0" />
      </library>
      <library name="aria" version=">=1" order="1">
        <packaged_library path="libs/aria-webjs-sdk-1.8.3.js" version="1.8.3" />
      </library>
      <code path="CanvasListControl.js" order="2" />
      <resx path="strings/CanvasListControl.1033.resx" version="1.0.0" />
    </resources>
  </control>
</manifest>