﻿<?xml version="1.0" encoding="utf-8"?>
<manifest>
  <control namespace="MscrmControls.CardFeedContainer" constructor="CardFeedContainer" version="1.8.308" display-name-key="CC_CardFeed_Name" control-type="virtual">
    <modes>
      <read />
      <edit />
    </modes>
    <data-set name="SubGrid" display-name-key="CC_CardFeed_SubGrid" initial-data-set-fetch="false">
      <property-set name="SubGridParentId" display-name-key="CC_CardFeed_SubGrid_ParentID" description-key="CC_CardFeed_SubGrid_ParentID_Desc" of-type="Lookup.Simple" usage="bound" required="false" />
    </data-set>
    <property name="EntityTypeCode" display-name-key="CC_EntityTypeCode" description-key="CC_EntityTypeCode" usage="input" of-type="Decimal" required="false" hidden="false" />
    <property name="Location" display-name-key="Location" of-type="Decimal" usage="input" required="false" hidden="false" />
    <resources>
      <library name="mscommon" version=">=1" order="1">
        <packaged_library path="libs/mscommonlib-1.0.0.js" version="1.0.7" />
      </library>
      <library name="underscore" version=">=1" order="2">
        <packaged_library path="libs/underscore-min.js" version="1.0.0" />
      </library>
      <library name="moment" version=">=1" order="3">
        <packaged_library path="libs/moment.min.js" version="1.8.3" />
      </library>
      <code path="CardFeedCustomControl.js" order="4" />
      <resx path="strings/CardFeedLabels.1033.resx" version="1.0.0" />
    </resources>
  </control>
</manifest>