﻿<?xml version="1.0" encoding="utf-8"?>
<manifest>
  <control namespace="MscrmControls.HierarchyCommandBar" constructor="HierarchyCommandBar" version="1.0.7" display-name-key="CC_HierarchyCommandBar" control-type="virtual" hidden="true">
    <modes>
    </modes>
    <data-set name="commandBarDataSet" display-name-key="CC_CommandBarDataSet_name">
    </data-set>
    <property name="hierarchyState" display-name-key="hierarchyState_value" description-key="hierarchyState_value_desc" of-type="SingleLine.Text" usage="input" required="false" hidden="true" />
    <property name="stateCallBack" display-name-key="StateCallBack_value" description-key="StateCallBack_value_desc" of-type="SingleLine.Text" usage="input" required="false" hidden="true" />
    <resources>
      <library name="mscommon" version=">=1" order="1">
        <packaged_library path="libs/mscommonlib-1.0.0.js" version="1.2.8" />
      </library>
      <code path="HierarchyCommandBar.js" order="1" />
    </resources>
  </control>
</manifest>