﻿<?xml version="1.0" encoding="utf-8"?>
<manifest>
  <control namespace="MscrmControls.HierarchicalTreeControl" constructor="HierarchicalTreeControl" version="1.0.0" display-name-key="CC_HierarchicalTreeControl" control-type="virtual">
    <modes>
    </modes>
    <property name="uniqueIdentifier" display-name-key="CC_Hierarchy_UniqueIdentifier" description-key="CC_Hierarchy_UniqueIdentifier_Desc" of-type="SingleLine.Text" usage="input" required="true" />
    <property name="entityLogicalName" display-name-key="CC_Hierarchy_EntityLogicalName" description-key="CC_Hierarchy_EntityLogicalName_Desc" of-type="SingleLine.Text" usage="input" required="true" />
    <property name="entitySetName" display-name-key="CC_Hierarchy_EntitySetName" description-key="CC_Hierarchy_EntitySetName_Desc" of-type="SingleLine.Text" usage="input" required="true" />
    <property name="hierarchyAttribute" display-name-key="CC_Hierarchy_HierarchyAttribute" description-key="CC_Hierarchy_HierarchyAttribute_Desc" of-type="SingleLine.Text" usage="input" required="true" />
    <property name="primaryNameAttribute" display-name-key="CC_Hierarchy_PrimaryNameAttribute" description-key="CC_Hierarchy_PrimaryNameAttribute_Desc" of-type="SingleLine.Text" usage="input" required="true" />
    <property name="primaryIdAttribute" display-name-key="CC_Hierarchy_PrimaryIdAttribute" description-key="CC_Hierarchy_PrimaryIdAttribute_Desc" of-type="SingleLine.Text" usage="input" required="true" />
    <property name="selectedValue" display-name-key="CC_Hierarchy_SelectedValue" description-key="CC_Hierarchy_SelectedValue_Desc" of-type="Lookup.Simple" usage="bound" required="true" />
    <property name="additionalFilter" display-name-key="CC_Hierarchy_AdditionalFilter" description-key="CC_Hierarchy_AdditionalFilter_Desc" of-type="SingleLine.Text" usage="input" required="true" />
    <property name="pageSize" display-name-key="CC_Hierarchy_PageSize" description-key="CC_Hierarchy_PageSize_Desc" of-type-group="numbers" usage="input" required="true" />
    <resources>
      <resx path="strings/HierarchicalTreeControl.1033.resx" version="1.0.0" />
      <code path="HierarchicalTreeControl.js" order="1" />
    </resources>
  </control>
</manifest>