﻿<?xml version="1.0" encoding="utf-8"?>
<manifest>
  <control namespace="MscrmControls.AuditAssociatedGrid" constructor="AuditControl" version="1.0.1" display-name-key="AuditAssociatedGrid_Control" control-type="virtual">
    <modes>
      <container />
    </modes>
    <property name="FormId" display-name-key="AuditAssociatedGrid_FormId" description-key="AuditAssociatedGrid_FormId" usage="input" of-type="SingleLine.Text" required="false" hidden="true" />
    <property name="OType" display-name-key="AuditAssociatedGrid_OType" description-key="AuditAssociatedGrid_OType" usage="input" of-type="SingleLine.Text" required="false" hidden="true" />
    <resources>
      <library name="mscommon" version=">=1" order="3">
        <packaged_library path="libs/mscommonlib-1.0.0.js" version="1.2.1" />
      </library>
      <code path="AuditAssociatedGridControl.js" order="1" />
    </resources>
  </control>
</manifest>