﻿<?xml version="1.0" encoding="utf-8"?>
<manifest>
  <control namespace="MscrmControls.ConditionBuilder" constructor="ConditionBuilderControl" version="1.0.5" display-name-key="CC_ConditionBuilderControl_Name" control-type="standard" hidden="true">
    <modes>
    </modes>
    <property name="entitylogicalname" display-name-key="ConditionBuilder_entitylogicalname" description-key="ConditionBuilder_entitylogicalname_desc" of-type="SingleLine.Text" usage="input" required="true" hidden="true" />
    <property name="fetchxml" display-name-key="ConditionBuilder_fetchxml" description-key="ConditionBuilder_fetchxml_desc" of-type="SingleLine.Text" usage="bound" required="true" hidden="true" />
    <resources>
      <library name="cds-expression-builder" version=">=1" order="1">
        <packaged_library path="libs/cds-expression-builder.js" version="1.0.5" />
      </library>
      <code path="ConditionBuilder.js" order="2" />
    </resources>
  </control>
</manifest>