﻿<?xml version="1.0" encoding="utf-8"?>
<manifest>
  <control namespace="MscrmControls.TestControls" constructor="TestGridControl" version="1.0.11" display-name-key="TestGridControl" control-type="virtual">
    <modes>
      <read />
    </modes>
    <data-set name="VirtualGrid" display-name-key="TestGridControl_Dataset" editable="true">
    </data-set>
    <resources>
      <code path="TestGridControl.js" order="2" />
      <resx path="strings/TestGridControl.1033.resx" version="1.0.0" />
    </resources>
  </control>
</manifest>