﻿<?xml version="1.0" encoding="utf-8"?>
<manifest>
  <control namespace="MscrmControls.Test" constructor="TestPropertyBagControl" version="1.0.19" display-name-key="TestPropertyBagControl">
    <modes>
      <read />
      <edit />
    </modes>
    <property name="value" display-name-key="Value" description-key="CC_TestPropertyBag_Value_desc" of-type="Multiple" usage="bound" required="true" hidden="true" />
    <resources>
      <library name="mscommon" version=">=1" order="1">
        <packaged_library path="libs/mscommonlib-1.0.0.js" version="1.0.7" />
      </library>
      <code path="TestPropertyBagControl.js" order="2" />
      <css path="css/TestPropertyBagStyle.css" order="3" />
    </resources>
  </control>
</manifest>