﻿<?xml version="1.0" encoding="utf-8"?>
<manifest>
  <control namespace="MscrmControls.KbContentControl" constructor="KbContentControl" version="1.0.9" display-name-key="KbContentControl_Name" control-type="virtual" hidden="true">
    <modes>
    </modes>
    <type-group name="all">
      <type>Lookup.Simple</type>
      <type>Lookup.Customer</type>
      <type>Lookup.Owner</type>
      <type>Lookup.Regarding</type>
      <type>Multiple</type>
      <type>SingleLine.Text</type>
      <type>SingleLine.TextArea</type>
      <type>SingleLine.Email</type>
      <type>SingleLine.URL</type>
      <type>SingleLine.Ticker</type>
      <type>SingleLine.Phone</type>
    </type-group>
    <property name="record" required="true" display-name-key="KbContentControl_Value" description-key="KbContentControl_Value_Desc" usage="bound" of-type="KbContent" />
    <property name="quickview" required="false" display-name-key="KbContentControl_Quickview" description-key="KbContentControl_Quickview_Desc" usage="bound" of-type="SingleLine.Text" />
    <resources>
      <library name="mscommon" version=">=1" order="1">
        <packaged_library path="libs/mscommonlib-1.0.0.js" version="1.2.22" />
      </library>
      <code path="KbContentControl.js" order="2" />
      <resx path="strings/KbContentControl.1033.resx" version="1.0.0" />
    </resources>
  </control>
</manifest>