<?xml version="1.0" encoding="utf-8"?>
<manifest>
  <control namespace="Intelligence.ObjectRecognition" constructor="ObjectRecognitionControl" version="1.0.4" display-name-key="ObjectRecognitionControl" control-type="virtual" hidden="true">
    <property name="OriginalImage" display-name-key="Original image" description-key="Original image of the BusinessCard control" usage="output" of-type="SingleLine.Text" required="true" hidden="false" />
    <property name="DetectionIsCorrect" display-name-key="Detection is correct" description-key="Whether the image recognition was correct or not" of-type="SingleLine.Text" usage="input" hidden="false" />
    <property name="ProjectId" display-name-key="ProjectId" description-key="ID of the project" of-type="SingleLine.Text" usage="input" hidden="false" />
    <property name="BoundingBoxesColorTheme" display-name-key="BoundingBoxesColorTheme" description-key="Palette Overlay" of-type="SingleLine.Text" usage="input" hidden="false" default-value="Normal" />
    <!--
		Currently not working in PowerApps:
		<property name="BoundingBoxesColorTheme" display-name-key="BoundingBoxesColorTheme" description-key="Palette Overlay" of-type="Enum" required="false" hidden="false">
		<value name="Normal" display-name-key="Normal" description-key="Normal">
		Normal
		</value>
		<value name="Light" display-name-key="Light" description-key="Light">
		Light
		</value>
		<value name="Dark" display-name-key="Dark" description-key="Dark">
		Dark
		</value>
		</property>
		-->
    <resources>
      <library name="msvcontrol" version=">=1" order="1">
        <packaged_library path="libs/msvcontrollib-1.0.0.js" version="1.0.43" />
      </library>
      <library name="office-ui-fabric-react" version=">=1" order="2">
        <packaged_library path="libs/office-ui-fabric-react.js" version="1.0.9" />
      </library>
      <code path="ObjectRecognitionControl.js" order="3" />
    </resources>
  </control>
</manifest>