<?xml version="1.0" encoding="utf-8"?>
<authoring-manifest schema-version="1.0">
  <group>
    <section>
      <property name="DisplayMode" complex-type="DisplayMode"/>
      <wizard-property-group>
        <wizard-step 
          label="AI project selector"
          panelTitle="AI projects"
          linkedLocation="AiProjectsPane"
          propertyInvariantName="ProjectId"
        />
      </wizard-property-group>
      <property name="Text"/>
      <property name="DefaultImage"/>
      <property name="ImageDisplayed"/>
    </section>
    <section>
      <property name="Visible" />
      <property-group name="Position">
        <property name="X" />
        <property name="Y" />
      </property-group>
      <property-group name="Size">
        <property name="Width" />
        <property name="Height" />
      </property-group>
    </section>
  </group>
  <group>
    <section name="Design">
      <property name="X" />
      <property name="Y" />
      <property name="Width" />
      <property name="Height" />
      <property name="Visible" />
      <property name="DisplayMode" />
    </section>
    <section name="Behavior">
      <property name="OnChange" />
    </section>
  </group>
</authoring-manifest>