<?xml version="1.0" encoding="utf-8"?>
<manifest schema-version="1">
	<control namespace="Intelligence.ObjectRecognition" constructor="ObjectRecognitionControl" version="1.0.3" display-name-key="CC_ObjectRecognitionControl" control-type="virtual" hidden="true">
		<property name="OriginalImage" display-name-key="Original image" description-key="Original image of the ObjectRecognition control" usage="output" of-type="String" required="false" default-value="" hidden="false" />
		<property name="DefaultImage" display-name-key="DefaultImage_Property_Name" description-key="DefaultImage_Property_Description" of-type="String" usage="input" required="false"/>
		<property name="ImageDisplayed" display-name-key="ImageDisplayed_Property_Name" description-key="ImageDisplayed_Property_Description" of-type="Boolean" usage="input" default-value="true" required="false"/>
		<property name="Text" display-name-key="Text_Property_Name" description-key="Text_Property_Description" of-type="String" usage="bound" required="false" />
		<property name="DetectionIsCorrect" display-name-key="Detection is correct" description-key="Whether the image recognition was correct or not" of-type="Boolean" usage="input" hidden="false" />
		<property name="ProjectId" display-name-key="ProjectId" description-key="ID of the project" of-type="String" usage="input" hidden="false" />
		<property name="BoundingBoxesColorTheme" display-name-key="BoundingBoxesColorTheme" description-key="Palette Overlay" of-type="String" usage="input" hidden="false" default-value="Normal" />
		<!--
		Currently not working in PowerApps:
		<property name="BoundingBoxesColorTheme" display-name-key="BoundingBoxesColorTheme" description-key="Palette Overlay" of-type="Enum" required="false" hidden="false">
		<value name="Normal" display-name-key="Normal" description-key="Normal">
		Normal
		</value>
		<value name="Light" display-name-key="Light" description-key="Light">
		Light
		</value>
		<value name="Dark" display-name-key="Dark" description-key="Dark">
		Dark
		</value>
		</property>
		-->
		<resources>
			<library name="msvcontrol" version=">=1" order="1">
				<packaged_library path="libs/msvcontrollib-1.0.0.js" version="1.0.40" />
			</library>
			<library name="office-ui-fabric-react" version=">=1" order="2">
				<packaged_library path="libs/office-ui-fabric-react.js" version="1.0.9" />
			</library>
			<code path="ObjectRecognitionControl.js" order="4" />
		</resources>
	</control>
</manifest>
