﻿<?xml version="1.0" encoding="utf-8"?>
<manifest schema-version="1">
  <control namespace="MscrmControls.FieldControls" constructor="RatingControl" version="1.0.2" control-type="virtual" display-name-key="CC_RatingControl_Name" hidden="true">
    <property name="Value" display-name-key="CC_Value" description-key="CC_Value_Desc" usage="bound" of-type="Whole.None" required="true" default-value="0" hidden="false" />
    <property name="Max" display-name-key="CC_Max" description-key="CC_Max_Desc" usage="input" of-type="Whole.None" required="true" default-value="5" hidden="false" />
    <property name="ToolTip" display-name-key="CC_ToolTip" description-key="CC_ToolTip_Desc" usage="input" of-type="SingleLine.Text" required="false" hidden="true" />
    <property name="TabIndex" display-name-key="CC_TabIndex" description-key="CC_TabIndex_Desc" usage="input" of-type="Whole.None" required="false" default-value="-1" hidden="true" />
    <resources>
      <library name="msvcontrol" version=">=1" order="1">
        <packaged_library path="libs/msvcontrollib-1.0.0.js" version="1.0.41" />
      </library>
      <library name="office-ui-fabric-react" version=">=1" order="3">
        <packaged_library path="libs/office-ui-fabric-react.js" version="1.0.9" />
      </library>
      <resx path="strings/RatingControl.1033.resx" version="1.0.0" />
      <code path="RatingControl.js" order="4" />
    </resources>
  </control>
</manifest>