<?xml version="1.0" encoding="utf-8"?>
<authoringManifest schemaVersion="1.0">
  <group>
    <section>
      <property name="Max" />
      <property name="DisplayMode" complexType="DisplayMode"/>
    </section>
    <section>
      <property name="Visible" />
      <propertyGroup name="Position">
        <property name="X" />
        <property name="Y" />
      </propertyGroup>
      <propertyGroup name="Size">
        <property name="Width" />
        <property name="Height" />
      </propertyGroup>
    </section>
  </group>
  <group>
    <section name="Data">
      <property name="Max" />
    </section>
    <section name="Design">
      <property name="X" />
      <property name="Y" />
      <property name="Width" />
      <property name="Height" />
      <property name="Visible" />
      <property name="DisplayMode" />
    </section>
    <section name="Behavior">
      <property name="OnChange" />
    </section>
  </group>
</authoringManifest>