﻿<?xml version="1.0" encoding="utf-8"?>
<manifest>
  <control namespace="MscrmControls.FieldControls" constructor="EntityImageUploadPreviewControl" version="1.0.20" display-name-key="CC_EntityImageUploadPreview_Control" control-type="virtual" hidden="true">
    <modes>
    </modes>
    <property name="value" display-name-key="EntityImageUploadPreviewControl_value" description-key="EntityImageUploadPreviewControl_value_desc" of-type="Multiple" usage="bound" required="true" hidden="true" />
    <resources>
      <library name="mscommon" version=">=1" order="1">
        <packaged_library path="libs/mscommonlib-1.0.0.js" version="1.2.8" />
      </library>
      <code path="EntityImageUploadPreviewControl.js" order="2" />
    </resources>
  </control>
</manifest>