﻿<?xml version="1.0" encoding="utf-8"?>
<manifest>
  <control namespace="MscrmControls.Grid" constructor="FetchXmlResultsViewer" version="1.0.2" display-name-key="CC_FetchXmlResultsViewer_Name" control-type="virtual" hidden="true">
    <modes>
    </modes>
    <property name="entitylogicalname" display-name-key="FetchXmlResultsViewer_entitylogicalname" description-key="FetchXmlResultsViewer_entitylogicalname_desc" of-type="SingleLine.Text" usage="bound" required="true" hidden="true" />
    <property name="fetchxml" display-name-key="FetchXmlResultsViewer_fetchxml" description-key="FetchXmlResultsViewer_fetchxml_desc" of-type="SingleLine.Text" usage="bound" required="true" hidden="true" />
    <property name="layoutxml" display-name-key="FetchXmlResultsViewer_layoutxml" description-key="FetchXmlResultsViewer_layoutxml_desc" of-type="SingleLine.Text" usage="bound" required="true" hidden="true" />
    <property name="selectedrecords" display-name-key="FetchXmlResultsViewer_selectedrecords" description-key="FetchXmlResultsViewer_selectedrecords_desc" of-type="Multiple" usage="bound" required="false" hidden="true" />
    <resources>
      <code path="FetchXmlResultsViewer.js" order="2" />
      <resx path="strings/FetchXmlResultsViewer.1033.resx" version="1.0.0" />
    </resources>
  </control>
</manifest>