<ImportExportXml xmlns:xsi="http://www.w3.org/2001/XMLSchema-instance">
   <Entities>
   </Entities>
   <Roles></Roles>
   <Workflows></Workflows>
   <Templates />
   <EntityMaps />
   <EntityRelationships />
   <OrganizationSettings />
   <optionsets />
   <WebResources></WebResources>
   <CustomControls>
      <CustomControl>
         <Name>Manifest0.xml</Name>
         <FileName>/Controls/AppliedFiltersControl/ControlManifest.xml</FileName>
      </CustomControl>
      <CustomControl>
         <Name>Manifest1.xml</Name>
         <FileName>/Controls/AuditAssociatedGridControl/ControlManifest.xml</FileName>
      </CustomControl>
      <CustomControl>
         <Name>Manifest2.xml</Name>
         <FileName>/Controls/BarCodeScannerControl/ControlManifest.xml</FileName>
      </CustomControl>
      <CustomControl>
         <Name>Manifest3.xml</Name>
         <FileName>/Controls/BoundDashboardControl/ControlManifest.xml</FileName>
      </CustomControl>
      <CustomControl>
         <Name>Manifest4.xml</Name>
         <FileName>/Controls/BusinessCardControl/ControlManifest.xml</FileName>
      </CustomControl>
      <CustomControl>
         <Name>Manifest5.xml</Name>
         <FileName>/Controls/CanvasListControl/ControlManifest.xml</FileName>
      </CustomControl>
      <CustomControl>
         <Name>Manifest6.xml</Name>
         <FileName>/Controls/CanvasRecordControl/ControlManifest.xml</FileName>
      </CustomControl>
      <CustomControl>
         <Name>Manifest7.xml</Name>
         <FileName>/Controls/CardFeedContainerWrapper/ControlManifest.xml</FileName>
      </CustomControl>
      <CustomControl>
         <Name>Manifest8.xml</Name>
         <FileName>/Controls/CardFeedCustomControl/ControlManifest.xml</FileName>
      </CustomControl>
      <CustomControl>
         <Name>Manifest9.xml</Name>
         <FileName>/Controls/ChartControl/ControlManifest.xml</FileName>
      </CustomControl>
      <CustomControl>
         <Name>Manifest10.xml</Name>
         <FileName>/Controls/CheckboxControl/ControlManifest.xml</FileName>
      </CustomControl>
      <CustomControl>
         <Name>Manifest11.xml</Name>
         <FileName>/Controls/CompositeControlUci/ControlManifest.xml</FileName>
      </CustomControl>
      <CustomControl>
         <Name>Manifest12.xml</Name>
         <FileName>/Controls/ConditionBuilder/ControlManifest.xml</FileName>
      </CustomControl>
      <CustomControl>
         <Name>Manifest13.xml</Name>
         <FileName>/Controls/ConsentDialogControl/ControlManifest.xml</FileName>
      </CustomControl>
      <CustomControl>
         <Name>Manifest14.xml</Name>
         <FileName>/Controls/CurrencyControl/ControlManifest.xml</FileName>
      </CustomControl>
      <CustomControl>
         <Name>Manifest15.xml</Name>
         <FileName>/Controls/DashboardControl/ControlManifest.xml</FileName>
      </CustomControl>
      <CustomControl>
         <Name>Manifest16.xml</Name>
         <FileName>/Controls/DateControl/ControlManifest.xml</FileName>
      </CustomControl>
      <CustomControl>
         <Name>Manifest17.xml</Name>
         <FileName>/Controls/DateRangeFilterControl/ControlManifest.xml</FileName>
      </CustomControl>
      <CustomControl>
         <Name>Manifest18.xml</Name>
         <FileName>/Controls/DateTimeControl/ControlManifest.xml</FileName>
      </CustomControl>
      <CustomControl>
         <Name>Manifest19.xml</Name>
         <FileName>/Controls/DecimalNumberControl/ControlManifest.xml</FileName>
      </CustomControl>
      <CustomControl>
         <Name>Manifest20.xml</Name>
         <FileName>/Controls/DocumentScannerControl/ControlManifest.xml</FileName>
      </CustomControl>
      <CustomControl>
         <Name>Manifest21.xml</Name>
         <FileName>/Controls/DummyControl/ControlManifest.xml</FileName>
      </CustomControl>
      <CustomControl>
         <Name>Manifest22.xml</Name>
         <FileName>/Controls/DurationControl/ControlManifest.xml</FileName>
      </CustomControl>
      <CustomControl>
         <Name>Manifest23.xml</Name>
         <FileName>/Controls/EmailAddressControl/ControlManifest.xml</FileName>
      </CustomControl>
      <CustomControl>
         <Name>Manifest24.xml</Name>
         <FileName>/Controls/EntityImageUploadPreviewControl/ControlManifest.xml</FileName>
      </CustomControl>
      <CustomControl>
         <Name>Manifest25.xml</Name>
         <FileName>/Controls/EntityOptionSetControl/ControlManifest.xml</FileName>
      </CustomControl>
      <CustomControl>
         <Name>Manifest26.xml</Name>
         <FileName>/Controls/FacetFilterControl/ControlManifest.xml</FileName>
      </CustomControl>
      <CustomControl>
         <Name>Manifest27.xml</Name>
         <FileName>/Controls/FetchXmlResultsViewer/ControlManifest.xml</FileName>
      </CustomControl>
      <CustomControl>
         <Name>Manifest28.xml</Name>
         <FileName>/Controls/FieldSectionItem/ControlManifest.xml</FileName>
      </CustomControl>
      <CustomControl>
         <Name>Manifest29.xml</Name>
         <FileName>/Controls/FileUploaderControl/ControlManifest.xml</FileName>
      </CustomControl>
      <CustomControl>
         <Name>Manifest30.xml</Name>
         <FileName>/Controls/FloatingPointNumberInput/ControlManifest.xml</FileName>
      </CustomControl>
      <CustomControl>
         <Name>Manifest31.xml</Name>
         <FileName>/Controls/GenericCarouselControl/ControlManifest.xml</FileName>
      </CustomControl>
      <CustomControl>
         <Name>Manifest32.xml</Name>
         <FileName>/Controls/GlobalFilterControl/ControlManifest.xml</FileName>
      </CustomControl>
      <CustomControl>
         <Name>Manifest33.xml</Name>
         <FileName>/Controls/GoalParticipatingRecordControl/ControlManifest.xml</FileName>
      </CustomControl>
      <CustomControl>
         <Name>Manifest34.xml</Name>
         <FileName>/Controls/Grid/ControlManifest.xml</FileName>
      </CustomControl>
      <CustomControl>
         <Name>Manifest35.xml</Name>
         <FileName>/Controls/HierarchicalTreeControl/ControlManifest.xml</FileName>
      </CustomControl>
      <CustomControl>
         <Name>Manifest36.xml</Name>
         <FileName>/Controls/HierarchyCommandBar/ControlManifest.xml</FileName>
      </CustomControl>
      <CustomControl>
         <Name>Manifest37.xml</Name>
         <FileName>/Controls/HierarchyControl/ControlManifest.xml</FileName>
      </CustomControl>
      <CustomControl>
         <Name>Manifest38.xml</Name>
         <FileName>/Controls/HierarchyFolderView/ControlManifest.xml</FileName>
      </CustomControl>
      <CustomControl>
         <Name>Manifest39.xml</Name>
         <FileName>/Controls/HierarchyTreeView/ControlManifest.xml</FileName>
      </CustomControl>
      <CustomControl>
         <Name>Manifest40.xml</Name>
         <FileName>/Controls/KbArticleControl/ControlManifest.xml</FileName>
      </CustomControl>
      <CustomControl>
         <Name>Manifest41.xml</Name>
         <FileName>/Controls/KbContentControl/ControlManifest.xml</FileName>
      </CustomControl>
      <CustomControl>
         <Name>Manifest42.xml</Name>
         <FileName>/Controls/KbSearchControl/ControlManifest.xml</FileName>
      </CustomControl>
      <CustomControl>
         <Name>Manifest43.xml</Name>
         <FileName>/Controls/KPICardControl/ControlManifest.xml</FileName>
      </CustomControl>
      <CustomControl>
         <Name>Manifest44.xml</Name>
         <FileName>/Controls/LabelControl/ControlManifest.xml</FileName>
      </CustomControl>
      <CustomControl>
         <Name>Manifest45.xml</Name>
         <FileName>/Controls/LanguagePickerControl/ControlManifest.xml</FileName>
      </CustomControl>
      <CustomControl>
         <Name>Manifest46.xml</Name>
         <FileName>/Controls/LinearRangeSliderControl/ControlManifest.xml</FileName>
      </CustomControl>
      <CustomControl>
         <Name>Manifest47.xml</Name>
         <FileName>/Controls/MapControl/ControlManifest.xml</FileName>
      </CustomControl>
      <CustomControl>
         <Name>Manifest48.xml</Name>
         <FileName>/Controls/MultiSelectPicklistControl/ControlManifest.xml</FileName>
      </CustomControl>
      <CustomControl>
         <Name>Manifest49.xml</Name>
         <FileName>/Controls/NumberInputControl/ControlManifest.xml</FileName>
      </CustomControl>
      <CustomControl>
         <Name>Manifest50.xml</Name>
         <FileName>/Controls/ObjectRecognitionControl/ControlManifest.xml</FileName>
      </CustomControl>
      <CustomControl>
         <Name>Manifest51.xml</Name>
         <FileName>/Controls/OfflineEntitiesControl/ControlManifest.xml</FileName>
      </CustomControl>
      <CustomControl>
         <Name>Manifest52.xml</Name>
         <FileName>/Controls/OfflineStatusControl/ControlManifest.xml</FileName>
      </CustomControl>
      <CustomControl>
         <Name>Manifest53.xml</Name>
         <FileName>/Controls/OptionSet/ControlManifest.xml</FileName>
      </CustomControl>
      <CustomControl>
         <Name>Manifest54.xml</Name>
         <FileName>/Controls/PhoneNumberControl/ControlManifest.xml</FileName>
      </CustomControl>
      <CustomControl>
         <Name>Manifest55.xml</Name>
         <FileName>/Controls/PicklistStatusControl/ControlManifest.xml</FileName>
      </CustomControl>
      <CustomControl>
         <Name>Manifest56.xml</Name>
         <FileName>/Controls/PostLoadPicklistControl/ControlManifest.xml</FileName>
      </CustomControl>
      <CustomControl>
         <Name>Manifest57.xml</Name>
         <FileName>/Controls/ProcessBreadCrumb/ControlManifest.xml</FileName>
      </CustomControl>
      <CustomControl>
         <Name>Manifest58.xml</Name>
         <FileName>/Controls/ProcessStageControl/ControlManifest.xml</FileName>
      </CustomControl>
      <CustomControl>
         <Name>Manifest59.xml</Name>
         <FileName>/Controls/QueryBuilderControl/ControlManifest.xml</FileName>
      </CustomControl>
      <CustomControl>
         <Name>Manifest60.xml</Name>
         <FileName>/Controls/RatingControl/ControlManifest.xml</FileName>
      </CustomControl>
      <CustomControl>
         <Name>Manifest61.xml</Name>
         <FileName>/Controls/ReadOnlyGrid/ControlManifest.xml</FileName>
      </CustomControl>
      <CustomControl>
         <Name>Manifest62.xml</Name>
         <FileName>/Controls/ReferencePanel/ControlManifest.xml</FileName>
      </CustomControl>
      <CustomControl>
         <Name>Manifest63.xml</Name>
         <FileName>/Controls/RelationshipAssistantCommands/ControlManifest.xml</FileName>
      </CustomControl>
      <CustomControl>
         <Name>Manifest64.xml</Name>
         <FileName>/Controls/RelevanceSearchControl/ControlManifest.xml</FileName>
      </CustomControl>
      <CustomControl>
         <Name>Manifest65.xml</Name>
         <FileName>/Controls/RollupFieldOptionSetControl/ControlManifest.xml</FileName>
      </CustomControl>
      <CustomControl>
         <Name>Manifest66.xml</Name>
         <FileName>/Controls/RollupQueryEditorControl/ControlManifest.xml</FileName>
      </CustomControl>
      <CustomControl>
         <Name>Manifest67.xml</Name>
         <FileName>/Controls/SimpleLookupControl/ControlManifest.xml</FileName>
      </CustomControl>
      <CustomControl>
         <Name>Manifest68.xml</Name>
         <FileName>/Controls/SwitchProcessGridControl/ControlManifest.xml</FileName>
      </CustomControl>
      <CustomControl>
         <Name>Manifest69.xml</Name>
         <FileName>/Controls/SystemCurrencyControl/ControlManifest.xml</FileName>
      </CustomControl>
      <CustomControl>
         <Name>Manifest70.xml</Name>
         <FileName>/Controls/TextBoxControl/ControlManifest.xml</FileName>
      </CustomControl>
      <CustomControl>
         <Name>Manifest71.xml</Name>
         <FileName>/Controls/TickerSymbolControl/ControlManifest.xml</FileName>
      </CustomControl>
      <CustomControl>
         <Name>Manifest72.xml</Name>
         <FileName>/Controls/TimeControl/ControlManifest.xml</FileName>
      </CustomControl>
      <CustomControl>
         <Name>Manifest73.xml</Name>
         <FileName>/Controls/UpdatedMultiSelectPicklistControl/ControlManifest.xml</FileName>
      </CustomControl>
      <CustomControl>
         <Name>Manifest74.xml</Name>
         <FileName>/Controls/UrlControl/ControlManifest.xml</FileName>
      </CustomControl>
      <CustomControl>
         <Name>Manifest75.xml</Name>
         <FileName>/Controls/WebResourceHtmlControl/ControlManifest.xml</FileName>
      </CustomControl>
      <CustomControl>
         <Name>Manifest76.xml</Name>
         <FileName>/Controls/WholeNumberControl/ControlManifest.xml</FileName>
      </CustomControl>
   </CustomControls>
   <Languages>
      <Language>1033</Language>
   </Languages>
</ImportExportXml>
