<?xml version="1.0" encoding="utf-8"?>
<ImportExportXml version="7.0.0000.0" SolutionPackageVersion="7.0" languagecode="1033" generatedBy="OnPremise" xmlns:xsi="http://www.w3.org/2001/XMLSchema-instance">
  <SolutionManifest>
    <UniqueName>BaseCustomControlsCore</UniqueName>
    <LocalizedNames>
      <LocalizedName description="Base Custom Controls Core" languagecode="1033" />
    </LocalizedNames>
    <Descriptions>
      <Description description="This solution installs a core set of custom controls from new CRM.Client.Controls repo in CRM." languagecode="1033" />
    </Descriptions>
    <Version>9.0.1903.3058</Version>
    <Managed>1</Managed>
    <Publisher>
      <UniqueName>microsoftdynamics</UniqueName>
      <LocalizedNames>
        <LocalizedName description="MicrosoftDynamics" languagecode="1033" />
      </LocalizedNames>
      <Descriptions />
      <EMailAddress xsi:nil="true"></EMailAddress>
      <SupportingWebsiteUrl>http://crm.dynamics.com</SupportingWebsiteUrl>
      <CustomizationPrefix>msdyn</CustomizationPrefix>
      <CustomizationOptionValuePrefix>19235</CustomizationOptionValuePrefix>
      <Addresses>
        <Address>
          <AddressNumber>1</AddressNumber>
          <AddressTypeCode>1</AddressTypeCode>
          <City>Redmond</City>
          <County xsi:nil="true"></County>
          <Country>US</Country>
          <Fax xsi:nil="true"></Fax>
          <FreightTermsCode xsi:nil="true"></FreightTermsCode>
          <ImportSequenceNumber xsi:nil="true"></ImportSequenceNumber>
          <Latitude xsi:nil="true"></Latitude>
          <Line1>One Microsoft Way</Line1>
          <Line2 xsi:nil="true"></Line2>
          <Line3 xsi:nil="true"></Line3>
          <Longitude xsi:nil="true"></Longitude>
          <Name xsi:nil="true"></Name>
          <PostalCode>98052</PostalCode>
          <PostOfficeBox xsi:nil="true"></PostOfficeBox>
          <PrimaryContactName xsi:nil="true"></PrimaryContactName>
          <ShippingMethodCode>1</ShippingMethodCode>
          <StateOrProvince>Washington</StateOrProvince>
          <Telephone1>1-800-Microsoft(642-7676)</Telephone1>
          <Telephone2 xsi:nil="true"></Telephone2>
          <Telephone3 xsi:nil="true"></Telephone3>
          <TimeZoneRuleVersionNumber xsi:nil="true"></TimeZoneRuleVersionNumber>
          <UPSZone xsi:nil="true"></UPSZone>
          <UTCOffset xsi:nil="true"></UTCOffset>
          <UTCConversionTimeZoneCode xsi:nil="true"></UTCConversionTimeZoneCode>
        </Address>
      </Addresses>
    </Publisher>
    <RootComponents>
      <RootComponent type="66" schemaName="MscrmControls.AppliedFilters.AppliedFilters" />
      <RootComponent type="66" schemaName="MscrmControls.AuditAssociatedGrid.AuditControl" />
      <RootComponent type="66" schemaName="MscrmControls.FieldControls.BarCodeScannerControl" />
      <RootComponent type="66" schemaName="MscrmControls.Containers.BoundDashboardControl" />
      <RootComponent type="66" schemaName="Intelligence.BusinessCard.BusinessCardControl" />
      <RootComponent type="66" schemaName="MscrmControls.Canvas.CanvasListControl" />
      <RootComponent type="66" schemaName="MscrmControls.Canvas.CanvasRecordControl" />
      <RootComponent type="66" schemaName="MscrmControls.CardFeedContainerWrapper.CardFeedContainerWrapper" />
      <RootComponent type="66" schemaName="MscrmControls.CardFeedContainer.CardFeedContainer" />
      <RootComponent type="66" schemaName="MscrmControls.Chart.ChartControl" />
      <RootComponent type="66" schemaName="MscrmControls.FieldControls.CheckboxControl" />
      <RootComponent type="66" schemaName="MscrmControls.Composite.CompositeControlUci" />
      <RootComponent type="66" schemaName="MscrmControls.ConditionBuilder.ConditionBuilderControl" />
      <RootComponent type="66" schemaName="MscrmControls.ConsentDialog.ConsentDialogControl" />
      <RootComponent type="66" schemaName="MscrmControls.FieldControls.CurrencyControl" />
      <RootComponent type="66" schemaName="MscrmControls.Containers.DashboardControl" />
      <RootComponent type="66" schemaName="MscrmControls.FieldControls.DateControl" />
      <RootComponent type="66" schemaName="MscrmControls.DateRangeControl.DateRangeFilterControl" />
      <RootComponent type="66" schemaName="MscrmControls.FieldControls.DateTimeControl" />
      <RootComponent type="66" schemaName="MscrmControls.FieldControls.DecimalNumberControl" />
      <RootComponent type="66" schemaName="Intelligence.DocumentScanner.DocumentScannerControl" />
      <RootComponent type="66" schemaName="MscrmControls.FieldControls.DummyControl" />
      <RootComponent type="66" schemaName="MscrmControls.FieldControls.DurationControl" />
      <RootComponent type="66" schemaName="MscrmControls.FieldControls.EmailAddressControl" />
      <RootComponent type="66" schemaName="MscrmControls.FieldControls.EntityImageUploadPreviewControl" />
      <RootComponent type="66" schemaName="MscrmControls.FieldControls.EntityOptionSetControl" />
      <RootComponent type="66" schemaName="MscrmControls.FacetFilterControl.FacetFilterControl" />
      <RootComponent type="66" schemaName="MscrmControls.Grid.FetchXmlResultsViewer" />
      <RootComponent type="66" schemaName="MscrmControls.Containers.FieldSectionItem" />
      <RootComponent type="66" schemaName="MscrmControls.FieldControls.FileUploaderControl" />
      <RootComponent type="66" schemaName="MscrmControls.FieldControls.FloatingPointNumberInput" />
      <RootComponent type="66" schemaName="MscrmControls.CarouselControl.GenericCarouselControl" />
      <RootComponent type="66" schemaName="MscrmControls.GlobalFilter.GlobalFilterControl" />
      <RootComponent type="66" schemaName="MscrmControls.FieldControls.GoalParticipatingRecordControl" />
      <RootComponent type="66" schemaName="MscrmControls.Grid.GridControl" />
      <RootComponent type="66" schemaName="MscrmControls.HierarchicalTreeControl.HierarchicalTreeControl" />
      <RootComponent type="66" schemaName="MscrmControls.HierarchyCommandBar.HierarchyCommandBar" />
      <RootComponent type="66" schemaName="MscrmControls.HierarchyControl.HierarchyControl" />
      <RootComponent type="66" schemaName="MscrmControls.HierarchyFolderView.HierarchyFolderViewControl" />
      <RootComponent type="66" schemaName="MscrmControls.Hierarchy.HierarchyTreeView" />
      <RootComponent type="66" schemaName="MscrmControls.KbArticleControl.KbArticleControl" />
      <RootComponent type="66" schemaName="MscrmControls.KbContentControl.KbContentControl" />
      <RootComponent type="66" schemaName="MscrmControls.KbSearchControl.KbSearchControl" />
      <RootComponent type="66" schemaName="MscrmControls.KPICard.KPICardControl" />
      <RootComponent type="66" schemaName="MscrmControls.FieldControls.LabelControl" />
      <RootComponent type="66" schemaName="MscrmControls.FieldControls.LanguagePickerControl" />
      <RootComponent type="66" schemaName="MscrmControls.Slider.LinearRangeSliderControl" />
      <RootComponent type="66" schemaName="MscrmControls.Map.MapControl" />
      <RootComponent type="66" schemaName="MscrmControls.MultiSelectPicklist.MultiSelectPicklistControl" />
      <RootComponent type="66" schemaName="MscrmControls.NumberInput.NumberInputControl" />
      <RootComponent type="66" schemaName="Intelligence.ObjectRecognition.ObjectRecognitionControl" />
      <RootComponent type="66" schemaName="MscrmControls.OfflineEntities.OfflineEntitiesControl" />
      <RootComponent type="66" schemaName="MscrmControls.Offline.OfflineStatusControl" />
      <RootComponent type="66" schemaName="MscrmControls.FieldControls.OptionSet" />
      <RootComponent type="66" schemaName="MscrmControls.FieldControls.PhoneNumberControl" />
      <RootComponent type="66" schemaName="MscrmControls.FieldControls.PicklistStatusControl" />
      <RootComponent type="66" schemaName="MscrmControls.FieldControls.PostLoadPicklistControl" />
      <RootComponent type="66" schemaName="MscrmControls.Containers.ProcessBreadCrumb" />
      <RootComponent type="66" schemaName="MscrmControls.Containers.ProcessStageControl" />
      <RootComponent type="66" schemaName="MscrmControls.QueryBuilder.QueryBuilderControl" />
      <RootComponent type="66" schemaName="MscrmControls.FieldControls.RatingControl" />
      <RootComponent type="66" schemaName="MscrmControls.Grid.ReadOnlyGrid" />
      <RootComponent type="66" schemaName="MscrmControls.Containers.ReferencePanelControl" />
      <RootComponent type="66" schemaName="MscrmControls.ActionCards.ActionCardCommands" />
      <RootComponent type="66" schemaName="MscrmControls.Containers.RelevanceSearchControl" />
      <RootComponent type="66" schemaName="MscrmControls.FieldControls.RollupFieldOptionSetControl" />
      <RootComponent type="66" schemaName="MscrmControls.RollupQuery.RollupQueryEditorControl" />
      <RootComponent type="66" schemaName="MscrmControls.FieldControls.SimpleLookupControl" />
      <RootComponent type="66" schemaName="MscrmControls.Containers.SwitchProcessGridControl" />
      <RootComponent type="66" schemaName="MscrmControls.FieldControls.SystemCurrencyControl" />
      <RootComponent type="66" schemaName="MscrmControls.FieldControls.TextBoxControl" />
      <RootComponent type="66" schemaName="MscrmControls.FieldControls.TickerSymbolControl" />
      <RootComponent type="66" schemaName="MscrmControls.FieldControls.TimeControl" />
      <RootComponent type="66" schemaName="MscrmControls.MultiSelectPicklist.UpdMSPicklistControl" />
      <RootComponent type="66" schemaName="MscrmControls.FieldControls.UrlControl" />
      <RootComponent type="66" schemaName="MscrmControls.WebResource.WebResourceHtmlControl" />
      <RootComponent type="66" schemaName="MscrmControls.FieldControls.WholeNumberControl" />
    </RootComponents>
    <MissingDependencies />
  </SolutionManifest>
</ImportExportXml>
