﻿<?xml version="1.0" encoding="utf-8"?>
<manifest>
  <control namespace="MscrmControls.HierarchyControl" constructor="HierarchyControl" version="1.0.11" display-name-key="CC_HierarchyControl_Name" control-type="virtual" hidden="true">
    <resources>
      <library name="mscommon" version=">=1" order="1">
        <packaged_library path="libs/mscommonlib-1.0.0.js" version="1.2.7" />
      </library>
      <css path="css/HierarchyStyle.css" order="1" />
      <code path="HierarchyControl.js" order="2" />
      <resx path="strings/HierarchyControl.1033.resx" version="1.0.0" />
    </resources>
  </control>
</manifest>