﻿<?xml version="1.0" encoding="utf-8"?>
<manifest>
  <control namespace="MscrmControls.Grid" constructor="GridControl" version="1.11.43" display-name-key="CC_Grid_Name" preview-image="img/preview.png">
    <modes>
      <read />
      <edit />
    </modes>
    <AvailableOn>
      <web classic="enable" />
      <phone />
      <tablet />
    </AvailableOn>
    <data-set name="Grid" display-name-key="CC_Grid_DSGrid" editable="true">
    </data-set>
    <data-set name="SubGrid" display-name-key="CC_Grid_SubGrid_DS">
      <property-set name="SubGridParentId" display-name-key="CC_Grid_SubGrid_ParentID" description-key="CC_Grid_SubGrid_ParentID_Desc" of-type="Lookup.Simple" usage="bound" required="false" />
    </data-set>
    <property name="EnableGroupBy" display-name-key="CC_GroupBy_Column" description-key="CC_Enable_GroupBy_Desc" usage="input" of-type="Enum" required="true" hidden="false">
      <value name="Yes" display-name-key="CC_Enable_GroupBy" description-key="CC_Enable_GroupBy_Desc" default="true">yes</value>
      <value name="No" display-name-key="CC_Disable_GroupBy" description-key="CC_Disable_GroupBy_Desc">no</value>
    </property>
    <property name="UseDefaultCardFormForList" display-name-key="CC_Grid_UseDefaultCardFormForList" description-key="CC_Grid_UseDefaultCardFormForList_Desc" usage="input" of-type="TwoOptions" required="false" hidden="true" />
    <property name="EnableItemContextualActions" display-name-key="CC_Grid_EnableItemContextualActions" description-key="CC_Grid_EnableItemContextualActions_Desc" usage="input" of-type="TwoOptions" required="false" hidden="true" />
    <property name="EnableEditing" display-name-key="CC_Allow_Editing_Grid" description-key="CC_Allow_Editing_Grid_Desc" usage="input" of-type="Enum" required="false" hidden="true">
      <value name="Yes" display-name-key="CC_Enable_Editing_Grid" description-key="CC_Enable_Editing_Grid_Desc" default="true">yes</value>
      <value name="No" display-name-key="CC_Disable_Editing_Grid" description-key="CC_Disable_Editing_Grid_Desc">no</value>
    </property>
    <property name="ReflowBehavior" display-name-key="CC_ReflowBehavior" description-key="CC_ReflowBehavior_Desc" usage="input" of-type="Enum" required="false" hidden="true">
      <value name="Reflow" display-name-key="CC_ReflowBehavior_Reflow" description-key="CC_ReflowBehavior_Reflow_Desc">Reflow</value>
      <value name="GridOnly" display-name-key="CC_ReflowBehavior_GridOnly" description-key="CC_ReflowBehavior_GridOnly_Desc" default="true">GridOnly</value>
      <value name="ListOnly" display-name-key="CC_ReflowBehavior_ListOnly" description-key="CC_ReflowBehavior_ListOnly_Desc">ListOnly</value>
    </property>
    <property name="EnableFiltering" display-name-key="CC_Allow_Filtering" description-key="CC_Allow_Filtering_Desc" usage="input" of-type="Enum" required="false" hidden="false">
      <value name="Yes" display-name-key="CC_Enable_Filtering" description-key="CC_Enable_Filtering_Desc" default="true">yes</value>
      <value name="No" display-name-key="CC_Disable_Filtering" description-key="CC_Disable_Filtering_Desc">no</value>
    </property>
    <property name="HideNestedGridColumnHeader" display-name-key="CC_Grid_NestedGrid_ColumnHeader" description-key="CC_Grid_NestedGrid_ColumnHeader_Desc" usage="input" of-type="Enum" required="false" hidden="false">
      <value name="Yes" display-name-key="CC_Hide_ColumnHeader" description-key="CC_Hide_ColumnHeader_Desc">yes</value>
      <value name="No" display-name-key="CC_Show_ColumnHeader" description-key="CC_Show_ColumnHeader_Desc" default="true">no</value>
    </property>
    <resources>
      <css path="css/searchableOptionList.css" order="1" />
      <css path="css/msos.css" order="1" />
      <library name="jquery" version=">=2" order="1">
        <packaged_library path="libs/jquery/jquery-2.1.1.js" version="2.1.1" />
      </library>
      <library name="solCustom" version=">=1" order="1">
        <packaged_library path="libs/msos.js" version="3.0.7" />
      </library>
      <library name="mscommon" version=">=1.2.0" order="1">
        <packaged_library path="libs/mscommonlib-1.0.0.js" version="1.2.12" />
      </library>
      <library name="gridlib" version=">=1.11.43" order="2">
        <packaged_library path="libs/Mscrm.Grid.js" version="1.11.42" />
      </library>
      <code path="Grid.js" order="3" />
      <resx path="strings/Grid.1033.resx" version="1.0.0" />
    </resources>
  </control>
</manifest>