﻿<?xml version="1.0" encoding="utf-8"?>
<manifest>
  <control namespace="MscrmControls.Containers" constructor="ReferencePanelControl" version="1.0.25" display-name-key="CC_Reference_Panel" control-type="virtual" hidden="true">
    <modes>
    </modes>
    <property name="value" required="true" display-name-key="CC_Reference_Panel_Value" description-key="CC_Reference_Panel_Desc" usage="bound" of-type="ReferencePanel" />
    <resources>
      <library name="mscommon" version=">=1" order="1">
        <packaged_library path="libs/mscommonlib-1.0.0.js" version="1.2.8" />
      </library>
      <code path="ReferencePanel.js" order="2" />
      <resx path="strings/ReferencePanel.1033.resx" version="1.0.0" />
    </resources>
  </control>
</manifest>