<?xml version="1.0" encoding="utf-8"?>
<manifest>
  <control namespace="Intelligence.DocumentScanner" constructor="DocumentScannerControl" version="1.0.3" display-name-key="DocumentScannerControl" control-type="virtual" hidden="true">
    <property name="OriginalImage" display-name-key="Original image" description-key="The scanned Image" usage="bound" of-type="SingleLine.Text" required="true" hidden="false" />
    <resources>
      <library name="msvcontrol" version=">=1" order="1">
        <packaged_library path="libs/msvcontrollib-1.0.0.js" version="1.0.49" />
      </library>
      <library name="office-ui-fabric-react" version=">=1" order="2">
        <packaged_library path="libs/office-ui-fabric-react.js" version="1.0.9" />
      </library>
      <code path="DocumentScannerControl.js" order="3" />
    </resources>
  </control>
</manifest>