<?xml version="1.0" encoding="utf-8"?>
<manifest schema-version="1">
  <control namespace="Intelligence.DocumentScanner" constructor="DocumentScannerControl" version="1.0.3" display-name-key="CC_DocumentScannerControl" control-type="virtual" hidden="true">
    <property name="OriginalImage" display-name-key="Original image" description-key="The scanned Image" usage="output" of-type="String" required="true" hidden="false" />
    <property name="DefaultImage" display-name-key="DefaultImage_Property_Name" description-key="DefaultImage_Property_Description" of-type="String" usage="input" required="false"/>
    <property name="ImageDisplayed" display-name-key="ImageDisplayed_Property_Name" description-key="ImageDisplayed_Property_Description" of-type="Boolean" usage="input" default-value="true" required="false"/>
    <property name="Text" display-name-key="Text_Property_Name" description-key="Text_Property_Description" of-type="String" usage="bound" required="false" />
    <resources>
      <library name="msvcontrol" version=">=1" order="1">
        <packaged_library path="libs/msvcontrollib-1.0.0.js" version="1.0.47" />
      </library>
      <library name="office-ui-fabric-react" version=">=1" order="2">
        <packaged_library path="libs/office-ui-fabric-react.js" version="1.0.9" />
      </library>
      <code path="DocumentScannerControl.js" order="3" />
    </resources>
  </control>
</manifest>