﻿<?xml version="1.0" encoding="utf-8"?>
<manifest>
  <control namespace="MscrmControls.Containers" constructor="RelevanceSearchControl" version="1.0.31" display-name-key="RelevanceSearch_Control" control-type="virtual" hidden="true">
    <modes>
    </modes>
    <property name="value" display-name-key="RelevanceSearchControl_value" description-key="RelevanceSearchControl_value_desc" of-type="Search" usage="bound" required="true" hidden="true" />
    <resources>
      <library name="mscommonlib" version=">=1" order="3">
        <packaged_library path="libs/mscommonlib-1.0.0.js" version="1.2.8" />
      </library>
      <code path="RelevanceSearchControl.js" order="1" />
      <resx path="strings/RelevanceSearchControl.1033.resx" version="1.0.1" />
    </resources>
  </control>
</manifest>