﻿<?xml version="1.0" encoding="utf-8"?>
<manifest schema-version="1">
	<control namespace="Intelligence.BusinessCard" constructor="BusinessCardControl" version="1.0.5" display-name-key="CC_BusinessCardControl" control-type="virtual" hidden="true">
		<property name="Width" display-name-key="Width_Property_Name" description-key="Width_Property_Description" of-type="Number" usage="input" default-value="300" required="false"/>
		<property name="Height" display-name-key="Height_Property_Name" description-key="Height_Property_Description" of-type="Number" usage="input" default-value="200" required="false"/>
		<property name="DefaultImage" display-name-key="DefaultImage_Property_Name" description-key="DefaultImage_Property_Description" of-type="String" usage="input" required="false"/>
		<property name="ImageDisplayed" display-name-key="ImageDisplayed_Property_Name" description-key="ImageDisplayed_Property_Description" of-type="Boolean" usage="input" default-value="true" required="false"/>
		<property name="Text" display-name-key="businessCardControl_textName" description-key="businessCardControl_textDescription" of-type="String" usage="bound" required="false" />		
		<property name="FullName" display-name-key="Full Name" description-key="Full Name" of-type="String" usage="output" required="false" />
		<property name="FirstName" display-name-key="First Name" description-key="First Name" of-type="String" usage="output" required="false" />
		<property name="LastName" display-name-key="Last Name" description-key="Last Name" of-type="String" usage="output" required="false" />
		<property name="JobTitle" display-name-key="Job Title" description-key="Job Title" of-type="String" usage="output" required="false" />
		<property name="EmailAddress" display-name-key="Email" description-key="Email" of-type="String" usage="output" required="false" />
		<property name="MobilePhone" display-name-key="Mobile Phone" description-key="Mobile Phone" of-type="String" usage="output" required="false" />
		<property name="Telephone" display-name-key="Business Phone" description-key="Business Phone" of-type="String" usage="output" required="false" />
		<property name="WebsiteUrl" display-name-key="Website" description-key="Website" of-type="String" usage="output" required="false" />
		<property name="Address" display-name-key="Address" description-key="Address" of-type="String" usage="output" required="false" />
		<property name="Company" display-name-key="Company Name" description-key="Company Name" of-type="String" usage="output" required="false" />
		<property name="OriginalImage" display-name-key="Original image" description-key="Original image" of-type="String" usage="output" required="false" />
		<property name="CleanedImage" display-name-key="Cleaned image" description-key="Cleaned image" of-type="String" usage="output" required="false" />
		<resources>
			<library name="msvcontrol" version=">=1" order="1">
				<packaged_library path="libs/msvcontrollib-1.0.0.js" version="1.0.42" />
			</library>
			<library name="office-ui-fabric-react" version=">=1" order="2">
				<packaged_library path="libs/office-ui-fabric-react.js" version="1.0.9" />
			</library>
			<resx path="strings/BusinessCardControl.1033.resx" version="1.0.0" />
			<code path="BusinessCardControl.js" order="3" />
		</resources>
	</control>
</manifest>