<?xml version="1.0" encoding="utf-8"?>
<manifest>
  <control namespace="Intelligence.BusinessCard" constructor="BusinessCardControl" version="1.0.6" display-name-key="CC_BusinessCard" description-key="CC_BusinessCard_Description" control-type="virtual" hidden="true">
    <property name="value" display-name-key="businessCard" description-key="PowerAI Business Card" of-type="SingleLine.Text" usage="bound" required="true" />
    <property name="FullName" display-name-key="Full Name" description-key="Full Name" of-type="SingleLine.Text" usage="bound" required="false" />
    <property name="FirstName" display-name-key="First Name" description-key="First Name" of-type="SingleLine.Text" usage="bound" required="false" />
    <property name="LastName" display-name-key="Last Name" description-key="Last Name" of-type="SingleLine.Text" usage="bound" required="false" />
    <property name="JobTitle" display-name-key="Job Title" description-key="Job Title" of-type="SingleLine.Text" usage="bound" required="false" />
    <property name="EmailAddress" display-name-key="Email" description-key="Email" of-type="SingleLine.Email" usage="bound" required="false" />
    <property name="MobilePhone" display-name-key="Mobile Phone" description-key="Mobile Phone" of-type="SingleLine.Phone" usage="bound" required="false" />
    <property name="Telephone" display-name-key="Business Phone" description-key="Business Phone" of-type="SingleLine.Phone" usage="bound" required="false" />
    <property name="WebsiteUrl" display-name-key="Website" description-key="Website" of-type="SingleLine.URL" usage="bound" required="false" />
    <property name="Address" display-name-key="Address" description-key="Address" of-type="SingleLine.Text" usage="bound" required="false" />
    <property name="Company" display-name-key="Company Name" description-key="Company Name" of-type="SingleLine.Text" usage="bound" required="false" />
    <property name="OriginalImage" display-name-key="Original image" description-key="Original imagel" of-type="SingleLine.Text" usage="bound" required="false" />
    <property name="CleanedImage" display-name-key="Cleaned image" description-key="Cleaned image" of-type="SingleLine.Text" usage="bound" required="false" />
    <property name="Text" display-name-key="businessCardControl_textName" description-key="businessCardControl_textDescription" of-type="SingleLine.Text" usage="bound" required="false" />
    <resources>
      <library name="msvcontrol" version=">=1" order="1">
        <packaged_library path="libs/msvcontrollib-1.0.0.js" version="1.0.43" />
      </library>
      <library name="office-ui-fabric-react" version=">=1" order="2">
        <packaged_library path="libs/office-ui-fabric-react.js" version="1.0.9" />
      </library>
      <resx path="strings/BusinessCardControl.1033.resx" version="1.0.0" />
      <code path="BusinessCardControl.js" order="3" />
    </resources>
  </control>
</manifest>