﻿<?xml version="1.0" encoding="utf-8"?>
<manifest>
  <control namespace="MscrmControls.CarouselControl" constructor="GenericCarouselControl" version="1.1.5" display-name-key="GenericCarouselControl">
    <modes>
    </modes>
    <property name="CarouselItems" display-name-key="CC_GenericCarousel_CarouselItems" description-key="CC_GenericCarousel_CarouselItems_Desc" usage="input" of-type="CarouselItems" required="true" hidden="true" />
    <resources>
      <library name="jquery" version=">=2" order="1">
        <packaged_library path="libs/jquery-2.1.1.js" version="2.1.1" />
      </library>
      <code path="GenericCarouselControl.js" order="1" />
    </resources>
  </control>
</manifest>