﻿<?xml version="1.0" encoding="utf-8"?>
<manifest>
  <control namespace="MscrmControls.TestControls" constructor="TestLabelControl" version="1.0.12" display-name-key="CC_TestLabelControl" control-type="virtual">
    <type-group name="numbers">
      <type>Whole.None</type>
      <type>Currency</type>
      <type>FP</type>
      <type>Decimal</type>
    </type-group>
    <property name="value" display-name-key="CC_Value" description-key="CC_Value_Desc" of-type-group="numbers" usage="bound" required="true" hidden="true" />
    <resources>
      <code path="TestLabelControl.js" order="1" />
      <resx path="strings/TestLabelControl.1033.resx" version="1.0.0" />
    </resources>
  </control>
</manifest>