﻿<?xml version="1.0" encoding="utf-8"?>
<manifest>
  <control namespace="MscrmControls.Containers" constructor="SwitchProcessGridControl" version="1.0.21" display-name-key="CC_SwitchProcess_GridControl_Name" control-type="virtual" hidden="true">
    <modes>
      <read />
      <edit />
    </modes>
    <property name="EntityId" display-name-key="CC_entityId" description-key="CC_entityId_desc" usage="input" of-type="SingleLine.Text" required="true" hidden="false" />
    <property name="EntityLogicalName" display-name-key="CC_entityLogicalName" description-key="CC_entityLogicalName_desc" usage="input" of-type="SingleLine.Text" required="true" hidden="false" />
    <property name="ProcessId" display-name-key="CC_ProcessId" description-key="CC_ProcessId_desc" usage="bound" of-type="SingleLine.Text" required="true" hidden="true" />
    <property name="ProcessInstanceId" display-name-key="CC_ProcessInstanceId" description-key="CC_ProcessInstanceId_desc" usage="bound" of-type="SingleLine.Text" required="true" hidden="true" />
    <resources>
      <library name="mscommon" version=">=1" order="1">
        <packaged_library path="libs/mscommonlib-1.0.0.js" version="1.2.8" />
      </library>
      <resx path="strings/SwitchProcessGridResource.1033.resx" version="1.0.0" />
      <code path="SwitchProcessGridControl.js" order="2" />
    </resources>
  </control>
</manifest>