﻿<?xml version="1.0" encoding="utf-8"?>
<manifest>
  <control namespace="MscrmControls.FieldControls" constructor="SystemCurrencyControl" version="1.0.156" display-name-key="CC_SystemCurrency_Name" control-type="virtual">
    <modes>
    </modes>
    <property name="nameValue" display-name-key="CC_SystemCurrency_nameValue" description-key="CC_SystemCurrency_nameValue_desc" of-type="SingleLine.Text" usage="bound" required="true" hidden="true" />
    <property name="codeValue" display-name-key="CC_SystemCurrency_codeValue" description-key="CC_SystemCurrency_codeValue_desc" of-type="SingleLine.Text" usage="bound" required="true" hidden="true" />
    <property name="symbolValue" display-name-key="CC_SystemCurrency_symbolValue" description-key="CC_SystemCurrency_symbolValue_desc" of-type="SingleLine.Text" usage="bound" required="true" hidden="true" />
    <property name="precisionValue" display-name-key="CC_SystemCurrency_precisionValue" description-key="CC_SystemCurrency_precisionValue_desc" of-type="Whole.None" usage="bound" required="true" hidden="true" />
    <resources>
      <code path="SystemCurrencyControl.js" order="2" />
    </resources>
  </control>
</manifest>