﻿<?xml version="1.0" encoding="utf-8"?>
<manifest>
  <control namespace="MscrmControls.FieldControls" constructor="RollupFieldOptionSetControl" version="1.0.104" display-name-key="CC_RollupFieldOptionSet_Name" control-type="virtual">
    <modes>
    </modes>
    <property name="value" display-name-key="CC_RollupFieldOptionSet_value" description-key="CC_RollupFieldOptionSet_value_desc" of-type="SingleLine.Text" usage="bound" required="true" hidden="true" />
    <property name="goalMetricId" display-name-key="CC_RollupFieldOptionSet_goalMetricId" description-key="CC_RollupFieldOptionSet_GoalMetric_desc" of-type="SingleLine.Text" usage="bound" required="false" hidden="true" />
    <resources>
      <library name="jquery" version=">=2" order="1">
        <packaged_library path="libs/jquery-2.1.1.js" version="2.1.1" />
      </library>
      <library name="mscommon" version=">=1" order="2">
        <packaged_library path="libs/mscommonlib-1.0.0.js" version="1.2.10" />
      </library>
      <code path="RollupFieldOptionSetControl.js" order="3" />
      <resx path="strings/RollupFieldOptionSetControl.1033.resx" version="1.0.0" />
    </resources>
  </control>
</manifest>