﻿<?xml version="1.0" encoding="utf-8"?>
<manifest>
  <control namespace="MscrmControls.RollupQuery" constructor="RollupQueryEditorControl" version="1.0.1" display-name-key="CC_RollupQueryEditorControl_Name" control-type="virtual" hidden="true">
    <modes>
    </modes>
    <property name="entitylogicalname" display-name-key="RollupQueryEditorControl_entitylogicalname" description-key="RollupQueryEditorControl_entitylogicalname_desc" of-type="SingleLine.Text" usage="bound" required="true" hidden="true" />
    <property name="fetchxml" display-name-key="RollupQueryEditorControl_fetchxml" description-key="RollupQueryEditorControl_fetchxml_desc" of-type="SingleLine.Text" usage="bound" required="true" hidden="true" />
    <resources>
      <code path="RollupQueryEditorControl.js" order="2" />
      <resx path="strings/RollupQueryEditorControl.1033.resx" version="1.0.0" />
    </resources>
  </control>
</manifest>