﻿<?xml version="1.0" encoding="utf-8"?>
<manifest>
  <control namespace="MscrmControls.FieldControls" constructor="DateControl" version="1.0.1" display-name-key="CC_DateControl_Name" control-type="virtual" hidden="true">
    <modes>
    </modes>
    <type-group name="date">
      <type>DateAndTime.DateOnly</type>
    </type-group>
    <property name="value" display-name-key="DateControl_value" description-key="DateControl_value_desc" of-type-group="date" usage="bound" required="true" hidden="false" />
    <resources>
      <library name="msvcontrol" version=">=1" order="1">
        <packaged_library path="libs/msvcontrollib-1.0.0.js" version="1.0.4" />
      </library>
      <library name="office-ui-fabric-react" version=">=1" order="3">
        <packaged_library path="libs/office-ui-fabric-react.js" version="1.0.9" />
      </library>
      <resx path="strings/DateControl.1033.resx" version="1.0.0" />
      <code path="DateControl.js" order="4" />
    </resources>
  </control>
</manifest>