﻿<?xml version="1.0" encoding="utf-8"?>
<manifest>
  <control namespace="MscrmControls.Containers" constructor="BoundDashboardControl" version="1.0.14" display-name-key="CC_DashboardControl_Name" control-type="virtual" hidden="true">
    <modes>
    </modes>
    <property name="value" required="true" display-name-key="CC_DashboardControl_Value" description-key="CC_DashboardControl_Value_Desc" usage="bound" of-type="Dashboard" />
    <property name="DateRangeCondition" display-name-key="CC_DashboardControl_DateRangeCondition" description-key="DateRangeCondition" usage="input" of-type="SingleLine.Text" required="false" hidden="true" />
    <property name="DateRangeTimeFrame" display-name-key="CC_DashboardControl_DateRangeTimeFrame" description-key="DateRangeTimeFrame" usage="input" of-type="SingleLine.Text" required="false" hidden="true" />
    <property name="ForbiddenControlIdList" display-name-key="CC_DashboardControl_ForbiddenControlIdList" description-key="ForbiddenControlIdList" usage="input" of-type="SingleLine.Text" required="false" hidden="true" />
    <property name="AppliedFilter" display-name-key="CC_DashboardControl_AppliedFilter" description-key="AppliedFilter" usage="input" of-type="SingleLine.Text" required="false" hidden="true" />
    <resources>
      <library name="DashboardCore" version=">=2.0.7" order="1">
        <packaged_library path="libs/DashboardControl.js" version="2.0.7" />
      </library>
      <library name="DateRangeFilter" version=">=1.0.0" order="1">
        <packaged_library path="libs/DateRangeFilterControl.js" version="1.0.26" />
      </library>
      <code path="BoundDashboardControl.js" order="1" />
    </resources>
  </control>
</manifest>