﻿<?xml version="1.0" encoding="utf-8"?>
<manifest>
  <control namespace="MscrmControls.FieldControls" constructor="PostLoadPicklistControl" version="1.0.54" display-name-key="PostLoad Picklist Control" control-type="virtual">
    <modes>
    </modes>
    <type-group name="PostLoadType">
      <type>Whole.None</type>
      <type>SingleLine.Text</type>
      <type>OptionSet</type>
    </type-group>
    <property name="value" display-name-key="CC_PostLoadPicklist_value" description-key="CC_PostLoadPicklist_value_desc" of-type-group="PostLoadType" usage="bound" required="true" hidden="true" />
    <property name="goalMetricId" display-name-key="CC_PostLoadPicklist_goalMetricId" description-key="CC_PostLoadPicklist_GoalMetric_desc" of-type="SingleLine.Text" usage="bound" required="false" hidden="true" />
    <property name="sourceEntityField" display-name-key="CC_PostLoadPicklist_source_entity" description-key="CC_PostLoadPicklist_source_entity_desc" of-type="SingleLine.Text" usage="bound" required="true" hidden="true" />
    <groups name="AttributeFieldSwitch" display-name-key="CC_Attribute_Field" description-key="CC_Attribute_Field_Desc" required="true">
      <group name="SourceAttributeField" display-name-key="CC_Source_Attribute">
      </group>
      <group name="SourceStateField" display-name-key="CC_Source_State">
      </group>
      <group name="DateEntityField" display-name-key="CC_Date_Entity">
      </group>
      <group name="SourceStatusField" display-name-key="CC_Source_Status">
        <property name="sourceStateAttribute" display-name-key="CC_Source_State_Attribute" description-key="CC_Source_State_Attribute_Desc" of-type="Whole.None" usage="bound" required="true" />
      </group>
      <group name="DateAttributeField" display-name-key="CC_Date_Attribute">
        <property name="dateEntityAttribute" display-name-key="CC_Date_Entity_Attribute" description-key="CC_Date_Entity_Attribute_Desc" of-type="SingleLine.Text" usage="bound" required="true" />
      </group>
    </groups>
    <resources>
      <library name="jquery" version=">=2" order="1">
        <packaged_library path="libs/jquery-2.1.1.js" version="2.1.1" />
      </library>
      <library name="mscommon" version=">=1" order="2">
        <packaged_library path="libs/mscommonlib-1.0.0.js" version="1.2.9" />
      </library>
      <code path="PostLoadPicklistControl.js" order="3" />
      <resx path="strings/PostLoadPicklistControl.1033.resx" version="1.0.0" />
    </resources>
  </control>
</manifest>