﻿<?xml version="1.0" encoding="utf-8"?>
<manifest>
  <control namespace="MscrmControls.FieldControls" constructor="LanguagePickerControl" version="1.0.51" display-name-key="CC_LanguagePicker_Name" control-type="virtual" hidden="true">
    <modes>
    </modes>
    <property name="value" display-name-key="CC_LanguagePicker_value" description-key="CC_LanguagePicker_value_desc" of-type="Whole.Language" usage="bound" required="true" hidden="true" />
    <property name="includeAllOption" required="false" display-name-key="CC_LanguagePicker_Include_All_Option" description-key="CC_LanguagePicker_Include_All_Option_Desc" usage="input" of-type="Whole.None" hidden="false" />
    <property name="includeNullOption" required="false" display-name-key="CC_LanguagePicker_Include_Null_Option" description-key="CC_LanguagePicker_Include_Null_Option_Desc" usage="input" of-type="Whole.None" hidden="false" />
    <resources>
      <library name="msvcontrol" version=">=1" order="1">
        <packaged_library path="libs/msvcontrollib-1.0.0.js" version="1.0.41" />
      </library>
      <code path="LanguagePickerControl.js" order="2" />
      <resx path="strings/LanguagePickerControl.1033.resx" version="1.0.0" />
    </resources>
  </control>
</manifest>