﻿<?xml version="1.0" encoding="utf-8"?>
<manifest>
  <control namespace="MscrmControls.FieldControls" constructor="TimeControl" version="1.0.1" display-name-key="CC_TimeControl_Name" control-type="virtual" hidden="true">
    <modes>
    </modes>
    <property name="value" display-name-key="TimeControl_value" description-key="TimeControl_value_desc" of-type="DateAndTime.DateAndTime" usage="bound" required="true" hidden="false" />
    <resources>
      <library name="msvcontrol" version=">=1" order="1">
        <packaged_library path="libs/msvcontrollib-1.0.0.js" version="1.0.6" />
      </library>
      <library name="office-ui-fabric-react" version=">=6.117.0" order="3">
        <packaged_library path="libs/office-ui-fabric-react.js" version="6.117.0" />
      </library>
      <resx path="strings/TimeControl.1033.resx" version="1.0.0" />
      <code path="TimeControl.js" order="4" />
    </resources>
  </control>
</manifest>