﻿<?xml version="1.0" encoding="utf-8"?>
<manifest>
  <control namespace="MscrmControls.FieldControls" constructor="CheckboxControl" version="1.1.53" display-name-key="CC_Checkbox_Name" control-type="virtual" hidden="true">
    <modes>
    </modes>
    <property name="value" display-name-key="CheckboxControl_value" description-key="CheckboxControl_value_desc" of-type="TwoOptions" usage="bound" required="true" hidden="true" />
    <property name="twoOptionRenderParam" display-name-key="CheckboxControl_twoOptionRenderParam" of-type="SingleLine.Text" usage="input" required="false" hidden="true" />
    <resources>
      <library name="msvcontrol" version=">=1" order="2">
        <packaged_library path="libs/msvcontrollib-1.0.0.js" version="1.0.42" />
      </library>
      <code path="CheckboxControl.js" order="3" />
    </resources>
  </control>
</manifest>