﻿<?xml version="1.0" encoding="utf-8"?>
<manifest>
  <control namespace="MscrmControls.Map" constructor="MapControl" version="1.0.16" display-name-key="CC_Map_Name" description-key="CC_Map_Desc" preview-image="img/preview.png" hidden="true">
    <modes>
      <read />
      <edit />
    </modes>
    <AvailableOn>
      <web classic="enable" />
      <phone />
      <tablet />
    </AvailableOn>
    <type-group name="Text">
      <type>SingleLine.Text</type>
      <type>Multiple</type>
    </type-group>
    <property name="value" display-name-key="CC_Value" description-key="CC_Value_Desc" of-type-group="Text" usage="bound" required="true" hidden="true" />
    <groups name="mapSourceSwitch" display-name-key="CC_Map_Source" description-key="CC_Map_Source_Desc" required="true">
      <group name="AddressGroup" display-name-key="CC_Address">
      </group>
      <group name="CoordinatesGroup" display-name-key="CC_Coordinates">
        <property name="latitude" display-name-key="CC_Latitude" description-key="CC_Latitude_Desc" of-type="FP" usage="bound" required="true" hidden="true" />
        <property name="longitude" display-name-key="CC_Longitude" description-key="CC_Longitude_Desc" of-type="FP" usage="bound" required="true" hidden="true" />
      </group>
    </groups>
    <groups name="addressEditableSwitch" display-name-key="CC_Allow_Editing" description-key="CC_Allow_Editing_Desc" required="true">
      <group name="isAddressEditableNoGroup" display-name-key="CC_Address_Editable_No" />
      <group name="isAddressEditableYesGroup" display-name-key="CC_Address_Editable_Yes">
        <property name="outputLatitude" display-name-key="CC_Output_Latitude" description-key="CC_Output_Latitude_Desc" of-type="FP" usage="bound" required="true" hidden="true" />
        <property name="outputLongitude" display-name-key="CC_Output_Longitude" description-key="CC_Output_Longitude_Desc" of-type="FP" usage="bound" required="true" hidden="true" />
      </group>
    </groups>
    <resources>
      <code path="MapControl.js" order="1" />
      <html path="libs/MapControlIframeContent.html" order="2"/>
      <css path="css/MapControl.css" order="3" />
      <resx path="strings/MapControl.1033.resx" version="1.0.0" />
    </resources>
  </control>
</manifest>