﻿<?xml version="1.0" encoding="utf-8"?>
<manifest>
  <control namespace="MscrmControls.FieldControls" constructor="CurrencyControl" version="1.0.52" display-name-key="Currency_Control" control-type="virtual" hidden="true">
    <modes>
    </modes>
    <property name="value" display-name-key="CurrencyControl_value" description-key="CurrencyControl_value_desc" of-type="Currency" usage="bound" required="true" hidden="true" />
    <resources>
      <library name="msvcontrol" version=">=1" order="1">
        <packaged_library path="libs/msvcontrollib-1.0.0.js" version="1.0.41" />
      </library>
      <code path="CurrencyControl.js" order="2" />
    </resources>
  </control>
</manifest>